chr	start	end	gene	gene2	reliability	Pd1	Pd3	Pd5	origin	late_origin
532	chrXII	458826	459141	ARS1216.5	rDNA ARS	Confirmed	745.050428571429	1063.36357142857	1481.09714285714	TRUE	FALSE
534	chrXII	466233	468907			Dubious	611.753363636364	663.580836363636	1082.6656	TRUE	FALSE
533	chrXII	460225	460935			Dubious	474.051	571.260733333333	585.3192	TRUE	FALSE
487	chrXI	447657	447892	ARS1114	proARS1114	Confirmed	53.6804	12.31104	13.78966	TRUE	FALSE
42	chrII	254890	255136	ARS209	ARSH4, proARS209	Confirmed	50.4952	12.5975666666667	12.002	TRUE	FALSE
40	chrII	237644	237879	ARS208	proARS208	Confirmed	50.42565	13.0463	13.9949166666667	TRUE	FALSE
262	chrVI	199382	199493	ARS607	proARS607	Confirmed	49.2021333333333	14.1043	15.8539666666667	TRUE	FALSE
526	chrXII	373156	373400	ARS1213	proARS1213	Confirmed	48.9959	11.84174	13.30782	TRUE	FALSE
93	chrIII	39158	39706	ARS305	ARS A6C, proARS305	Confirmed	48.880925	11.780375	14.099025	TRUE	FALSE
95	chrIII	74457	74677	ARS306		Confirmed	47.47368	10.51776	13.20072	TRUE	FALSE
446	chrX	540239	540474	ARS1018	proARS1018	Confirmed	47.3852833333333	11.30485	13.9106166666667	TRUE	FALSE
148	chrIV	555224	555461	ARS418	proARS418	Confirmed	46.927	10.0656933333333	10.40571	TRUE	FALSE
519	chrXII	231179	231422	ARS1211	proARS1211	Confirmed	46.8574333333333	9.94221833333333	11.1146083333333	TRUE	FALSE
668	chrXIV	561106	561384	ARS1422	proARS1422	Confirmed	46.7142166666667	10.2674233333333	11.8086766666667	TRUE	FALSE
452	chrX	683328	683817	ARS1021	ARS121, proARS1021	Confirmed	46.1710818181818	12.5167181818182	16.8057909090909	TRUE	FALSE
318	chrVII	834492	834736	ARS731	proARS731	Confirmed	45.7526	9.905155	10.9361666666667	TRUE	FALSE
220	chrV	145539	145782	ARS510	proARS510	Confirmed	45.3229333333333	10.5803333333333	12.1061333333333	TRUE	FALSE
412	chrIX	411817	412053	ARS922	proARS922	Confirmed	44.7746	10.8932	11.9871333333333	TRUE	FALSE
704	chrXV	277529	277778	ARS1511	proARS1511	Confirmed	44.74595	12.27645	13.2463333333333	TRUE	FALSE
218	chrV	93977	94218	ARS508	proARS508	Confirmed	43.8498166666667	11.6753833333333	13.4694166666667	TRUE	FALSE
448	chrX	612542	612975	ARS1019	proARS1019	Confirmed	43.32932	9.887874	11.7938	TRUE	FALSE
322	chrVII	888350	888599	ARS731.5	ARS737	Confirmed	43.2605666666667	12.2641	14.7335666666667	TRUE	FALSE
440	chrX	416888	417134	ARS1014	proARS1014	Confirmed	42.8759333333333	10.819105	11.8433833333333	TRUE	FALSE
97	chrIII	108775	109291	ARS307	ARS C2G1, proARS307	Confirmed	42.7896	10.0780518181818	12.8010727272727	TRUE	FALSE
625	chrXIII	815341	815567	ARS1330	proARS1330	Confirmed	41.2800333333333	9.95455333333333	11.0402583333333	TRUE	FALSE
409	chrIX	357156	357393	ARS920	proARS920	Confirmed	41.08526	8.87265	10.88659	TRUE	FALSE
13	chrI	159906	160127	ARS109	ARS101, proARS109	Confirmed	40.51564	8.847938	10.416608	TRUE	FALSE
171	chrIV	913780	914029	ARS428	proARS428	Confirmed	40.1793	9.56345666666667	9.65218166666667	TRUE	FALSE
751	chrXV	1053490	1053901	ARS1529.5		Confirmed	38.74301	9.588988	11.24648	TRUE	FALSE
700	chrXV	166974	167220	ARS1510	proARS1510	Confirmed	38.6366166666667	9.95045166666667	13.23145	TRUE	FALSE
707	chrXV	337279	337528	ARS1513	proARS1513	Confirmed	37.19215	10.5885433333333	14.2775	TRUE	FALSE
222	chrV	173636	173874	ARS511	proARS511	Confirmed	36.97935	9.74459333333333	12.59195	TRUE	FALSE
588	chrXIII	183793	184037	ARS1308	proARS1308	Confirmed	36.9384333333333	9.82694166666667	11.92765	TRUE	FALSE
185	chrIV	1165998	1166221	ARS432.5	ARS453	Confirmed	36.4023833333333	7.39386666666667	9.40925833333333	TRUE	FALSE
594	chrXIII	286782	287067	ARS1310	proARS1310	Confirmed	36.0843714285714	7.93964571428571	10.3214442857143	TRUE	FALSE
591	chrXIII	263062	263296	ARS1309	proARS1309	Confirmed	36.02264	7.75121	10.987706	TRUE	FALSE
142	chrIV	435056	435388	ARS415	proARS415	Confirmed	35.8669285714286	9.83456428571428	11.3964957142857	TRUE	FALSE
395	chrIX	214675	214826	ARS913	ARS901, proARS913	Confirmed	35.710825	6.91631	11.35505	TRUE	FALSE
464	chrXI	55670	55917	ARS1103	proARS1103	Confirmed	35.6330833333333	7.4268	11.40215	TRUE	FALSE
15	chrI	176154	176402	ARS110	ADE1	Confirmed	34.9742833333333	9.56347333333333	11.377355	TRUE	FALSE
441	chrX	442248	442658	ARS1015	proARS1015	Confirmed	34.94972	8.865232	14.40242	TRUE	FALSE
514	chrXII	156646	156883	ARS1209	proARS1209	Confirmed	34.6755666666667	8.52188	11.8136333333333	TRUE	FALSE
538	chrXII	602938	603155	ARS1218	proARS1218	Confirmed	34.4259333333333	8.67009166666667	10.92129	TRUE	FALSE
299	chrVII	508729	508978	ARS720	proARS720	Confirmed	34.2950166666667	8.1596	10.48503	TRUE	FALSE
809	chrXVI	633868	634117	ARS1623	proARS1623	Confirmed	33.0428666666667	9.444065	14.7434666666667	TRUE	FALSE
298	chrVII	484932	485160	ARS719	proARS719	Confirmed	33.0387833333333	7.97846	13.1570833333333	TRUE	FALSE
184	chrIV	1159250	1159499	ARS432	proARS432	Confirmed	31.8970833333333	7.94964166666667	12.5274833333333	TRUE	FALSE
477	chrXI	302152	302524	ARS1107.5		Confirmed	31.4387875	7.14479625	10.13553375	TRUE	FALSE
261	chrVI	167606	168041	ARS606	proARS606	Confirmed	31.1209777777778	8.61520111111111	10.7808322222222	TRUE	FALSE
408	chrIX	341853	342096	ARS919	proARS919	Confirmed	30.51812	8.388496	11.80272	TRUE	FALSE
26	chrII	63186	63421	ARS202	proARS202	Confirmed	30.08435	10.7614533333333	15.0012666666667	TRUE	FALSE
295	chrVII	421093	421342	ARS718	proARS718	Confirmed	29.66695	7.94552333333333	13.6231166666667	TRUE	FALSE
144	chrIV	462430	462700	ARS416	ARS1, proARS416	Confirmed	29.5442	9.50583	14.9715166666667	TRUE	FALSE
12	chrI	146703	147690	ARS108	proARS108	Confirmed	28.950445	6.2098595	7.5983	TRUE	FALSE
437	chrX	374575	374818	ARS1012	proARS1012	Confirmed	28.4802666666667	8.64127166666667	11.4368666666667	TRUE	FALSE
672	chrXIV	609458	609706	ARS1424	proARS1424	Confirmed	27.9483333333333	7.78085166666667	10.2074083333333	TRUE	FALSE
666	chrXIV	545966	546201	ARS1421	proARS1421	Confirmed	27.6168666666667	8.09373	16.2109	TRUE	FALSE
438	chrX	375401	375923	ARS1013	proARS1013	Confirmed	27.5740909090909	8.82279090909091	12.3792363636364	TRUE	FALSE
216	chrV	59282	59516	ARS507	proARS507	Confirmed	27.37955	7.41033	9.74140333333333	TRUE	FALSE
232	chrV	353504	353751	ARS516	tRNAgluARS, proARS516	Confirmed	27.2199666666667	8.76066	15.2293	TRUE	FALSE
696	chrXV	113843	114084	ARS1509	proARS1509	Confirmed	27.12585	8.58363666666667	14.4609166666667	TRUE	FALSE
586	chrXIII	137299	137548	ARS1307	proARS1307	Confirmed	25.8123	7.59971	13.0629	TRUE	FALSE
315	chrVII	777967	778216	ARS729	proARS729	Confirmed	24.4987666666667	7.142735	13.2314833333333	TRUE	FALSE
617	chrXIII	649307	649551	ARS1325	proARS1325	Confirmed	24.45375	7.03981666666667	11.6302	TRUE	FALSE
415	chrX	64	577	ARS1001	Y'-ARS, proARS1001	Confirmed	24.1769909090909	37.4670909090909	34.4417454545455	TRUE	FALSE
653	chrXIV	321917	322210	ARS1415	proARS1415	Confirmed	23.6119714285714	6.68341571428571	9.96874714285714	TRUE	FALSE
427	chrX	203729	204614	ARS1008	proARS1008	Confirmed	23.4949263157895	6.34948578947368	8.94534315789474	TRUE	FALSE
701	chrXV	227481	228117	ARS1510.5		Confirmed	22.9964357142857	7.74379714285714	11.5112242857143	TRUE	FALSE
359	chrVIII	296882	297475	ARS815	proARS815	Confirmed	22.9787538461538	6.76620538461538	11.2778461538462	TRUE	FALSE
37	chrII	198193	198434	ARS207.5	ARS231	Confirmed	22.8088	7.08098833333333	11.5161833333333	TRUE	FALSE
99	chrIII	131978	132322	ARS309	ARS J11D1, proARS309	Confirmed	22.379125	6.75266625	14.3444125	TRUE	FALSE
548	chrXII	744942	745179	ARS1223	proARS1223	Confirmed	22.2318166666667	6.98218166666667	11.8533	TRUE	FALSE
345	chrVIII	115683	117257		proARS806	Likely	21.9211818181818	7.64985939393939	12.9497851515152	TRUE	FALSE
366	chrVIII	447619	447853	ARS820	proARS820	Confirmed	21.7775833333333	7.71909666666667	13.5636166666667	TRUE	FALSE
258	chrVI	118631	118952	ARS603.5	proARS603.5	Confirmed	21.473775	7.61103	13.5822125	TRUE	FALSE
68	chrII	622625	622894	ARS220	proARS220	Confirmed	21.4216	7.122155	11.72935	TRUE	FALSE
55	chrII	407831	408064	ARS214	proARS214	Confirmed	21.2579	6.78868666666667	10.5247166666667	TRUE	FALSE
629	chrXIII	897804	898040	ARS1332	proARS1332	Confirmed	21.23746	8.842998	14.47978	TRUE	FALSE
817	chrXVI	776921	777152	ARS1626.5	ARS1635	Confirmed	20.7505	6.22468166666667	11.0947916666667	TRUE	FALSE
289	chrVII	285951	286246	ARS714	proARS714	Confirmed	20.1571666666667	6.743405	11.0006016666667	TRUE	FALSE
536	chrXII	512868	513117	ARS1217	proARS1217	Confirmed	19.9525833333333	5.98178666666667	9.94964333333333	TRUE	FALSE
260	chrVI	135979	136080	ARS605	proARS605	Confirmed	19.4860666666667	7.83025333333333	12.3242333333333	TRUE	FALSE
801	chrXVI	563822	564061	ARS1622	proARS1622	Confirmed	18.8272833333333	7.69439666666667	13.0976	TRUE	FALSE
346	chrVIII	133347	133591	ARS807		Confirmed	18.6963	6.02707166666667	9.28532666666667	TRUE	FALSE
572	chrXII	1070198	1071952		proARS1237	Likely	18.6528540540541	43.4959810810811	35.1213432432432	TRUE	FALSE
755	chrXV	1089998	1091252			Likely	18.3957814814815	47.1571703703704	37.7207666666667	TRUE	FALSE
712	chrXV	436732	436966	ARS1513.5	ARS1501	Confirmed	18.1316166666667	6.52932666666667	12.91915	TRUE	FALSE
674	chrXIV	635660	635901	ARS1426	proARS1426	Confirmed	17.86565	7.78085	14.1733833333333	TRUE	FALSE
528	chrXII	412668	412897	ARS1215	proARS1215	Confirmed	17.8493	7.662284	13.85512	TRUE	FALSE
512	chrXII	139293	140447		proARS1207	Dubious	17.7101541666667	6.13307875	10.0029183333333	TRUE	FALSE
578	chrXIII	31687	31935	ARS1303	proARS1303	Confirmed	17.3132166666667	7.05216833333333	11.3476283333333	TRUE	FALSE
209	chrIV	1530848	1531802			Dubious	17.1022047619048	40.2781	33.0988523809524	TRUE	FALSE
236	chrV	438929	439178	ARS518	proARS518	Confirmed	17.0267833333333	6.81750833333333	14.5947666666667	TRUE	FALSE
480	chrXI	329322	329571	ARS1109	proARS1109	Confirmed	17.0145166666667	7.80555	15.6903833333333	TRUE	FALSE
595	chrXIII	289203	290548		proARS1311	Likely	16.9963259259259	4.62551185185185	7.09027296296296	TRUE	FALSE
829	chrXVI	946803	947997			Likely	16.9940583333333	41.0110458333333	32.483775	TRUE	FALSE
294	chrVII	388658	388892	ARS717	proARS717	Confirmed	16.8279	4.25353	8.376128	TRUE	FALSE
303	chrVII	574622	574916	ARS722	proARS722	Confirmed	16.7023285714286	7.37504714285714	11.7576742857143	TRUE	FALSE
510	chrXII	91417	91659	ARS1206	proARS1206	Confirmed	16.6094166666667	6.15469333333333	9.77611666666667	TRUE	FALSE
103	chrIII	166494	167340	ARS310	proARS310	Confirmed	16.5480166666667	6.05588888888889	12.2184833333333	TRUE	FALSE
799	chrXVI	552403	554287			Likely	16.28635	3.79877105263158	6.09767789473684	TRUE	FALSE
486	chrXI	444561	445028	ARS1113.5		Confirmed	16.20429	6.081413	6.746115	TRUE	FALSE
573	chrXII	1077198	1078102			Dubious	16.1146685	41.571975	32.10353	TRUE	FALSE
376	chrVIII	561013	562587			Dubious	16.0332040625	47.961839375	37.2980765625	TRUE	FALSE
333	chrVII	1089548	1090902			Likely	15.9020551724138	38.6538344827586	30.7489103448276	TRUE	FALSE
820	chrXVI	842646	842894	ARS1628	proARS1628	Confirmed	15.4595666666667	6.13822666666667	10.9262566666667	TRUE	FALSE
245	chrV	575573	576817			Dubious	15.3969146153846	39.3241692307692	31.1473538461538	TRUE	FALSE
304	chrVII	574978	576840		proARS723	Likely	15.1679444736842	6.45284131578947	10.9766005263158	TRUE	FALSE
283	chrVII	203917	204159	ARS710	proARS710	Confirmed	14.9317	6.32348333333333	8.78462333333333	TRUE	FALSE
537	chrXII	595804	602804			Dubious	14.8434945673759	4.49700339716312	6.241338	TRUE	FALSE
347	chrVIII	134268	135517		proARS807	Likely	14.6650811538462	5.13783	9.76200461538462	TRUE	FALSE
377	chrIX	23	2400			Dubious	14.5296502083333	22.0236158333333	21.354885625	TRUE	FALSE
789	chrXVI	418132	418359	ARS1619	proARS1619	Confirmed	13.6549833333333	6.521095	11.3377166666667	TRUE	FALSE
544	chrXII	659823	660072	ARS1220	proARS1220	Confirmed	13.61815	5.92415	9.30019833333333	TRUE	FALSE
110	chrIII	224807	225053	ARS315		Confirmed	13.5772466666667	5.236635	10.3065716666667	TRUE	FALSE
802	chrXVI	565046	565289	ARS1622.5	ARS1634	Confirmed	13.4953833333333	6.18351166666667	11.9474666666667	TRUE	FALSE
109	chrIII	222963	224792		proARS315	Dubious	13.3416772972973	5.03568837837838	10.1992421621622	TRUE	FALSE
210	chrV	23	1144			Dubious	13.1598534782609	27.7726347826087	23.4906086956522	TRUE	FALSE
756	chrXVI	23	2150			Dubious	13.148436744186	30.2691988372093	24.4723241860465	TRUE	FALSE
239	chrV	498417	499343	ARS520	proARS520	Confirmed	13.1275526315789	5.38094105263158	10.6548921052632	TRUE	FALSE
141	chrIV	408070	408312	ARS414	proARS414	Confirmed	13.0370833333333	6.23291166666667	11.3575333333333	TRUE	FALSE
334	chrVIII	23	1245			Dubious	12.8072944	34.636884	26.1658736	TRUE	FALSE
488	chrXI	454453	459197	ARS1114.5		Confirmed	12.7031864210526	5.63029305263158	7.97786042105263	TRUE	FALSE
599	chrXIII	370976	371221	ARS1312	proARS1312	Confirmed	12.6851833333333	5.92003	8.62598166666667	TRUE	FALSE
574	chrXIII	23	1261			Likely	12.5592788076923	38.2553746153846	28.7105734615385	TRUE	FALSE
632	chrXIV	50	2241			Likely	12.3594611111111	31.0306311111111	24.8963751111111	TRUE	FALSE
22	chrII	39	686	ARS200		Confirmed	12.3461221428571	26.7812864285714	21.9473964285714	TRUE	FALSE
59	chrII	486661	486909	ARS216	proARS216	Confirmed	12.1818666666667	8.32016	14.8575166666667	TRUE	FALSE
798	chrXVI	511619	511940	ARS1621	proARS1621	Confirmed	12.0585342857143	4.95433571428571	7.64440714285714	TRUE	FALSE
610	chrXIII	535595	535843	ARS1320	proARS1320	Confirmed	11.944545	5.75536	10.7031583333333	TRUE	FALSE
667	chrXIV	550890	560890			Likely	11.79203039801	4.06388787064677	4.42531334328358	TRUE	FALSE
312	chrVII	715273	715556	ARS728	proARS728	Confirmed	11.6551714285714	5.24016285714286	9.24212571428571	TRUE	FALSE
778	chrXVI	289483	289704	ARS1614	proARS1614	Confirmed	11.3593833333333	7.10980333333333	13.6726833333333	TRUE	FALSE
386	chrIX	105821	106048	ARS909	proARS909	Confirmed	11.313558	3.285248	6.70447	TRUE	FALSE
503	chrXII	23	2077			Likely	11.3003353785714	33.597040952381	26.2894242857143	TRUE	FALSE
344	chrVIII	111293	111766	ARS805.7		Confirmed	10.9658090909091	3.26728272727273	4.83487818181818	TRUE	FALSE
715	chrXV	463698	464877			Likely	10.8313444	6.5428308	12.82952	TRUE	FALSE
137	chrIV	329564	329813	ARS413	proARS413	Confirmed	10.8233333333333	4.40503	6.72727666666667	TRUE	FALSE
231	chrV	316043	317307			Likely	10.4718692592593	4.66851	11.2953037037037	TRUE	FALSE
504	chrXII	5107	7993			Dubious	10.411725	26.9340087931034	21.5377767241379	TRUE	FALSE
41	chrII	238849	253849			Dubious	10.3589724252492	4.25211993355482	4.19865682059801	TRUE	FALSE
547	chrXII	730275	730832	ARS1222	proARS1222	Confirmed	10.2934133333333	5.3457325	10.8469233333333	TRUE	FALSE
511	chrXII	93166	93659	ARS1206.5		Confirmed	10.2917381818182	5.70820272727273	9.01266454545454	TRUE	FALSE
447	chrX	609000	609750	ARS1018.5		Confirmed	9.834595	4.55581125	4.987826875	TRUE	FALSE
340	chrVIII	64255	64489	ARS805	SPO11, proARS805	Confirmed	9.732398	5.523168	10.7319	TRUE	FALSE
654	chrXIV	324551	325764		proARS1416	Likely	9.6980244	3.5530076	4.787718	TRUE	FALSE
469	chrXI	152934	153173	ARS1106	proARS1106	Confirmed	9.407495	7.93317333333333	13.0381333333333	TRUE	FALSE
818	chrXVI	819153	819393	ARS1627	proARS1627	Confirmed	9.398486	4.327636	7.454038	TRUE	FALSE
442	chrX	454276	455248	ARS1016		Confirmed	9.311337	2.812221	7.042074	TRUE	FALSE
811	chrXVI	684383	684632	ARS1624	proARS1624	Confirmed	9.18653166666667	5.458945	11.3525766666667	TRUE	FALSE
539	chrXII	606423	607627			Dubious	9.1804764	3.699238	4.3808096	TRUE	FALSE
177	chrIV	1016624	1016922	ARS430	proARS430	Confirmed	9.14034714285714	4.30152142857143	8.09057857142857	TRUE	FALSE
229	chrV	287504	287750	ARS514	proARS514	Confirmed	9.025304	9.401242	13.635	TRUE	FALSE
552	chrXII	794020	794269	ARS1226	proARS1226	Confirmed	8.98192666666667	5.471295	11.1790666666667	TRUE	FALSE
146	chrIV	483846	484091	ARS417	proARS417	Confirmed	8.88780333333333	4.833185	9.43901166666667	TRUE	FALSE
752	chrXV	1056048	1059952			Likely	8.801263	4.4486695	4.431598875	TRUE	FALSE
421	chrX	99359	99796	ARS1006	proARS1006	Confirmed	8.63956444444444	3.49657777777778	8.5037	TRUE	FALSE
246	chrVI	23	1527			Likely	8.36350838709677	23.3951435483871	17.7355506451613	TRUE	FALSE
744	chrXV	908288	908537	ARS1528	proARS1528	Confirmed	8.20854	4.73026333333333	8.63589666666667	TRUE	FALSE
211	chrV	4097	4185	ARS502	Y'-ARS, proARS502	Confirmed	8.18399	10.05337	6.97019	TRUE	FALSE
690	chrXV	35667	35903	ARS1506.5	ARS1531	Confirmed	8.02030833333333	5.64420333333333	11.53105	TRUE	FALSE
297	chrVII	479993	482537			Likely	7.85946365384615	2.80880115384615	4.21803653846154	TRUE	FALSE
615	chrXIII	611273	611488	ARS1323	proARS1323	Confirmed	7.71423	5.913446	10.773534	TRUE	FALSE
43	chrII	258430	259601		proARS210	Likely	7.6626715	2.8554471	2.9149863	TRUE	FALSE
584	chrXIII	94216	94463	ARS1305	proARS1305	Confirmed	7.58246666666667	3.12880666666667	7.01480833333333	TRUE	FALSE
762	chrXVI	73038	73283	ARS1605	proARS1605	Confirmed	7.51290333333333	6.10940833333333	11.5707233333333	TRUE	FALSE
290	chrVII	287952	289013		proARS715	Likely	7.45375409090909	3.55359136363636	5.77859772727273	TRUE	FALSE
592	chrXIII	268223	269987			Likely	7.38468555555556	2.12360972222222	2.6993375	TRUE	FALSE
50	chrII	326099	326335	ARS211	proARS211	Confirmed	7.22236833333333	11.2390166666667	15.0111833333333	TRUE	FALSE
98	chrIII	114314	114933	ARS308		Confirmed	7.18050538461539	2.73992307692308	3.09803230769231	TRUE	FALSE
411	chrIX	405633	407617			Likely	7.11887292682927	4.17087365853659	4.86363292682927	TRUE	FALSE
149	chrIV	567490	567737	ARS419	proARS419	Confirmed	6.93183666666667	3.98923	8.660685	TRUE	FALSE
600	chrXIII	372017	373196		proARS1313	Dubious	6.77225583333333	3.05779104166667	4.85831245833333	TRUE	FALSE
147	chrIV	505336	505578	ARS417.5	ARS450	Confirmed	6.66995166666667	4.08391833333333	8.69042666666667	TRUE	FALSE
800	chrXVI	556133	563133			Likely	6.4670924822695	2.87636546099291	4.04507758865248	TRUE	FALSE
39	chrII	221842	236842			Dubious	6.27796215946844	2.31090826910299	2.57158822790698	TRUE	FALSE
739	chrXV	854735	855228	ARS1525	proARS1525	Confirmed	6.25182363636364	3.82642818181818	7.91211181818182	TRUE	FALSE
787	chrXVI	384536	384784	ARS1618	proARS1618	Confirmed	6.084795	6.47580666666667	12.0912533333333	TRUE	FALSE
492	chrXI	516653	516902	ARS1116	proARS1116	Confirmed	5.98658666666667	6.92042833333333	8.46734333333333	TRUE	FALSE
716	chrXV	489645	490129	ARS1514		Confirmed	5.94603909090909	4.13406727272727	7.60114181818182	TRUE	FALSE
705	chrXV	308969	309462	ARS1512	proARS1512	Confirmed	5.82328090909091	4.93573272727273	8.49077727272727	TRUE	FALSE
201	chrIV	1461849	1462161	ARS442	proARS443	Confirmed	5.80653875	6.11352375	10.62632125	TRUE	FALSE
746	chrXV	981454	981690	ARS1529	proARS1529	Confirmed	5.578208	4.564766	9.976396	TRUE	FALSE
302	chrVII	568490	568738	ARS721	proARS721	Confirmed	5.49145666666667	5.46718	7.38166	TRUE	FALSE
233	chrV	406747	406949	ARS517	proARS517	Confirmed	5.48982	3.502616	6.13932	TRUE	FALSE
102	chrIII	159363	166363			Dubious	5.48414246099291	2.35483907801418	3.88264026241135	TRUE	FALSE
788	chrXVI	414032	416072	ARS1618.5		Confirmed	5.37337285714286	4.2091869047619	5.81935333333333	TRUE	FALSE
168	chrIV	875791	882791			Likely	5.34762609929078	1.9000585035461	1.40201242553191	TRUE	FALSE
396	chrIX	216591	223591			Likely	5.27031594326241	1.94175282978723	2.63315060283688	TRUE	FALSE
428	chrX	204755	219755			Dubious	5.23960245913621	1.98290059700997	2.49184119601329	TRUE	FALSE
476	chrXI	257390	257839	ARS1107	proARS1107	Confirmed	5.165734	6.516153	13.82241	TRUE	FALSE
485	chrXI	416822	417055	ARS1113	proARS1113	Confirmed	4.97995666666667	6.96571166666667	13.67765	TRUE	FALSE
279	chrVII	163180	163447	ARS707	proARS707	Confirmed	4.975865	5.44659333333333	9.55798666666667	TRUE	FALSE
479	chrXI	326153	327067			Dubious	4.94269842105263	2.33620368421053	3.38933789473684	TRUE	FALSE
143	chrIV	443318	444447			Likely	4.90719	1.81606869565217	2.61883217391304	TRUE	FALSE
474	chrXI	213080	213385	ARS1106.7	ARS1127	Confirmed	4.85427571428571	8.536	13.4021285714286	TRUE	FALSE
321	chrVII	882813	883747			Dubious	4.81993894736842	2.28030315789474	2.20267894736842	TRUE	FALSE
792	chrXVI	439113	441372			Likely	4.70330304347826	5.44068913043478	4.89430804347826	TRUE	FALSE
400	chrIX	247579	247800	ARS914	proARS914	Confirmed	4.684514	5.962848	10.023996	TRUE	FALSE
70	chrII	631934	632246	ARS221	proARS221	Confirmed	4.62980142857143	3.62047714285714	7.53817428571429	TRUE	FALSE
401	chrIX	247893	249347		proARS915	Likely	4.593674	5.19464366666667	8.84906966666667	TRUE	FALSE
669	chrXIV	567715	569020		proARS1423	Likely	4.58758111111111	1.95138777777778	1.27682140740741	TRUE	FALSE
172	chrIV	921682	921930	ARS429	proARS429	Confirmed	4.50937833333333	3.260545	5.011995	TRUE	FALSE
237	chrV	442412	442731	ARS519	proARS519	Confirmed	4.49300857142857	1.87375571428571	3.00847142857143	TRUE	FALSE
549	chrXII	748375	749534		proARS1224	Dubious	4.46538875	2.2261875	2.62745458333333	TRUE	FALSE
10	chrI	124350	124599	ARS107	proARS107	Confirmed	4.30068666666667	6.64459666666667	11.26335	TRUE	FALSE
420	chrX	67467	67949	ARS1005	proARS1005	Confirmed	4.124731	6.508743	12.37085	TRUE	FALSE
311	chrVII	659809	660054	ARS727	proARS727	Confirmed	4.06744333333333	3.88631	6.69257166666667	TRUE	FALSE
244	chrV	569020	570085	ARS523	proARS523	Confirmed	3.99862318181818	21.0722918181818	16.6570727272727	TRUE	FALSE
69	chrII	627135	627845			Likely	3.82683333333333	2.65784	1.705366	TRUE	FALSE
83	chrII	801930	802617	ARS229	proARS229	Confirmed	3.76790866666667	10.2196766666667	11.0194353333333	TRUE	FALSE
708	chrXV	347633	348862			Likely	3.73189923076923	5.27938769230769	8.59166076923077	TRUE	FALSE
706	chrXV	331493	332707			Likely	3.69507	1.83928230769231	1.46092538461538	TRUE	FALSE
384	chrIX	73803	74220	ARS907	proARS907	Confirmed	3.60913888888889	5.37660888888889	10.7576722222222	TRUE	FALSE
604	chrXIII	432851	433347	ARS1315	proARS1315	Confirmed	3.569856	5.224283	8.373151	TRUE	FALSE
367	chrVIII	451493	453397			Dubious	3.39698538461538	1.69550971794872	1.62680951282051	TRUE	FALSE
224	chrV	192493	192926	ARS511.5		Confirmed	3.361164	1.867405	4.619362	TRUE	FALSE
429	chrX	228248	228740	ARS1009	proARS1009	Confirmed	3.22970090909091	3.87133636363636	8.10950636363636	TRUE	FALSE
180	chrIV	1057828	1058076	ARS431	proARS431	Confirmed	3.17538833333333	5.384845	9.62244166666667	TRUE	FALSE
481	chrXI	333114	334557		proARS1110	Likely	3.07472433333333	2.26344566666667	2.031567	TRUE	FALSE
694	chrXV	85195	85444	ARS1508	proARS1508	Confirmed	2.99534	4.56147	8.73009	TRUE	FALSE
44	chrII	262978	269978			Dubious	2.942016146875	1.5939939390625	1.22883088125	TRUE	FALSE
612	chrXIII	554392	554750	ARS1322	proARS1322	Confirmed	2.8971325	5.054465	8.73752625	TRUE	FALSE
498	chrXI	611874	612107	ARS1120	proARS1120	Confirmed	2.89303666666667	6.07647333333333	9.58276833333333	TRUE	FALSE
513	chrXII	150914	151421	ARS1208	CEN12 ARS	Confirmed	2.83686818181818	1.421437	1.29524890909091	TRUE	FALSE
639	chrXIV	89528	89802	ARS1407	proARS1407	Confirmed	2.81295285714286	8.27134285714286	11.6047142857143	TRUE	FALSE
14	chrI	162000	170000			Likely	2.76552701863354	1.31207410559006	0.981023118012422	TRUE	FALSE
443	chrX	459029	459588	ARS1017		Confirmed	2.75186583333333	2.24986166666667	4.912845	TRUE	FALSE
404	chrIX	310583	311070	ARS916	proARS917	Confirmed	2.74758636363636	6.74115636363636	11.3489863636364	TRUE	FALSE
410	chrIX	362421	363718		proARS921	Dubious	2.71526666666667	1.69431333333333	0.855988518518519	TRUE	FALSE
399	chrIX	245694	245932	ARS913.5	ARS923	Confirmed	2.64342666666667	5.928265	8.45742833333333	TRUE	FALSE
740	chrXV	874190	874434	ARS1526	proARS1526	Confirmed	2.62296833333333	4.21565833333333	7.743555	TRUE	FALSE
590	chrXIII	227023	227487			Likely	2.612329	3.655766	9.292265	TRUE	FALSE
541	chrXII	622672	623123	ARS1219	proARS1219	Confirmed	2.607419	5.752889	11.088859	TRUE	FALSE
609	chrXIII	503346	504087	ARS1319	proARS1319	Confirmed	2.584095	6.17373375	6.885914375	TRUE	FALSE
489	chrXI	462033	463697		proARS1115	Likely	2.57290176470588	1.93540470588235	2.77326294117647	TRUE	FALSE
466	chrXI	98329	98568	ARS1104.5	ARS1125	Confirmed	2.49611666666667	7.17155666666667	13.5983	TRUE	FALSE
677	chrXIV	691482	691727	ARS1427	proARS1427	Confirmed	2.43883	7.29506	11.7194333333333	TRUE	FALSE
126	chrIV	123617	123902	ARS406	proARS406	Confirmed	2.42362857142857	3.79691285714286	6.93053142857143	TRUE	FALSE
96	chrIII	81000	89000			Dubious	2.40243276273292	1.3309451552795	1.28881700621118	TRUE	FALSE
208	chrIV	1522298	1526152		proARS449	Likely	2.36475737974684	23.7868587341772	10.4942564683544	TRUE	FALSE
616	chrXIII	634479	634714	ARS1324	proARS1324	Confirmed	2.34880666666667	4.973155	9.126685	TRUE	FALSE
8	chrI	70258	70491	ARS106	proARS106	Confirmed	2.302974	5.211936	8.76281	TRUE	FALSE
545	chrXII	687249	687738	ARS1220.5		Confirmed	2.26547545454545	1.94016	3.46661818181818	TRUE	FALSE
803	chrXVI	568373	569527			Dubious	2.25161916666667	1.45118958333333	1.20962054166667	TRUE	FALSE
263	chrVI	216344	216692	ARS608		Confirmed	2.2403675	4.87847	7.65555875	TRUE	FALSE
342	chrVIII	87472	89452			Dubious	2.22464804878049	3.33043195121951	3.20590536585366	TRUE	FALSE
493	chrXI	519333	520547			Dubious	2.2204804	1.989922	2.3260404	TRUE	FALSE
259	chrVI	127745	128066	ARS604		Confirmed	2.19740125	4.06642125	6.10139625	TRUE	FALSE
763	chrXVI	89758	92975		proARS1606	Likely	2.17001584615385	3.37493184615385	5.76407907692308	TRUE	FALSE
53	chrII	378434	379194	ARS212	proARS212	Confirmed	2.162106875	1.49287375	3.3053875	TRUE	FALSE
531	chrXII	450485	450726	ARS1216	proARS1216	Confirmed	2.13192833333333	6.91631166666667	9.632345	TRUE	FALSE
732	chrXV	699500	709500			Likely	2.09216969850746	1.15370186318408	1.00954632487562	TRUE	FALSE
38	chrII	209187	210063	ARS207.8		Confirmed	2.04556526315789	0.715032157894737	1.18979121052632	TRUE	FALSE
92	chrIII	30199	30657	ARS304		Confirmed	2.03558181818182	1.80093636363636	1.95504363636364	TRUE	FALSE
178	chrIV	1021545	1022255			Likely	2.030140625	1.8016375	3.693928125	TRUE	FALSE
353	chrVIII	214885	215595		proARS811	Likely	0.260251133333333	56.9821666666667	21.41228	TRUE	TRUE
352	chrVIII	213179	213861	ARS810	proARS810	Confirmed	0.127670353333333	52.11604	18.7352333333333	TRUE	TRUE
375	chrVIII	555996	556327	ARS824	X-ARS, proARS824	Confirmed	0.3744175	40.148575	17.649825	TRUE	TRUE
416	chrX	7444	7943	ARS1002	X-ARS, proARS1002	Confirmed	0.799055090909091	28.2356	17.1492	TRUE	TRUE
85	chrIII	837	1551	ARS300	X-ARS, proARS300	Confirmed	0.10434595625	31.16663125	11.13755125	TRUE	TRUE
1	chrI	650	1791	ARS102	proARS102	Confirmed	0.126851958333333	29.4159458333333	10.7155466666667	TRUE	TRUE
247	chrVI	5435	6155	ARS600.1	ARS120; X-ARS, proARS600.1	Confirmed	0.55088480625	26.56449375	12.000156875	TRUE	TRUE
458	chrX	744102	744703	ARS1025	proARS1025	Confirmed	0.383388461538462	27.1693307692308	10.2070276923077	TRUE	TRUE
332	chrVII	1082959	1084336	ARS131a	X-ARS, proARS736	Confirmed	0.712006821428571	22.4489035714286	14.6354882142857	TRUE	TRUE
23	chrII	6123	7127	ARS201	proARS201	Confirmed	1.02182857142857	23.2531571428571	12.4772223809524	TRUE	TRUE
571	chrXII	1062398	1065752		proARS1236	Likely	1.38380549275362	22.8850368115942	11.3314630434783	TRUE	TRUE
414	chrIX	437553	439847			Likely	0.256194447826087	24.2693804347826	8.36668869565217	TRUE	TRUE
683	chrXIV	764001	764500	ARS1429	proARS1429	Confirmed	0.06137993	21.3714	10.711093	TRUE	TRUE
757	chrXVI	6778	8439	ARS1601	proARS1601	Confirmed	0.6491825	18.6965538235294	13.0317067647059	TRUE	TRUE
87	chrIII	11145	11401	ARS301	proARS301	Confirmed	0.0420890857142857	24.1506285714286	7.36395571428571	TRUE	TRUE
335	chrVIII	5158	6168	ARS131n	X-ARS, proARS801	Confirmed	1.13406633333333	20.3337142857143	10.6514561904762	TRUE	TRUE
212	chrV	6464	7230	ARS503	proARS503	Confirmed	0.616868	17.667475	12.067081875	TRUE	TRUE
84	chrII	810493	813067			Dubious	0.315932973584906	21.9602188679245	7.76955566037736	TRUE	TRUE
828	chrXVI	940923	943157		proARS1632	Likely	1.71970495652174	16.8901958695652	12.2651895652174	TRUE	TRUE
116	chrIII	315346	316232	ARS319	X-ARS	Confirmed	0.210630110526316	19.2200715789474	9.86117210526316	TRUE	TRUE
123	chrIV	85945	86177	ARS405	proARS405	Confirmed	0.130943966666667	15.6152333333333	12.7307666666667	TRUE	TRUE
77	chrII	741512	741802	ARS224	proARS224	Confirmed	0.122759971428571	16.3944857142857	11.8723857142857	TRUE	TRUE
189	chrIV	1276212	1276440	ARS434	proARS434	Confirmed	0.19641598	14.66258	13.0758	TRUE	TRUE
105	chrIII	194256	194505	ARS313		Confirmed	0.0491039166666667	15.537	12.0664833333333	TRUE	TRUE
685	chrXIV	781453	784287		proARS1430	Likely	0.340712492982456	18.66494	7.74199180701754	TRUE	TRUE
106	chrIII	197369	197601	ARS314	proARS314	Confirmed	0.03682795	14.5283833333333	11.5806166666667	TRUE	TRUE
686	chrXV	23	2646		proARS1503	Likely	0.205217420754717	18.7392813207547	7.20328352830189	TRUE	TRUE
575	chrXIII	4983	7702		proARS1301	Likely	1.74757399821429	17.2449028571429	8.48893875	TRUE	TRUE
369	chrVIII	501751	501992	ARS822	proARS822	Confirmed	0.9575274	11.98004	13.49222	TRUE	TRUE
620	chrXIII	758222	758470	ARS1327	proARS1327	Confirmed	0.335543833333333	12.8157666666667	12.5820333333333	TRUE	TRUE
252	chrVI	32666	33247	ARS602	proARS601/proARS602	Confirmed	0.03887395	15.357925	9.79842333333333	TRUE	TRUE
114	chrIII	294396	295027	ARS318		Confirmed	0.0280594071428571	17.4954357142857	7.42769357142857	TRUE	TRUE
268	chrVI	269404	270022	ARS610	proARS610	Confirmed	0.0415494846153846	19.3846692307692	5.47303846153846	TRUE	TRUE
382	chrIX	33335	33803	ARS905	proARS905	Confirmed	0.225432	13.2824727272727	11.2056654545455	TRUE	TRUE
505	chrXII	10642	13971		proARS1201	Dubious	1.58576786764706	16.8610514705882	7.61597485294118	TRUE	TRUE
454	chrX	711590	711837	ARS1022	proARS1022	Confirmed	0.135035983333333	13.6144166666667	10.7081383333333	TRUE	TRUE
378	chrIX	6794	9748		proARS902	Likely	0.72182766	15.6609223333333	8.63242416666667	TRUE	TRUE
90	chrIII	14870	15213	ARS303	proARS302, proARS303/proARS320	Confirmed	0.0368279625	18.1367875	6.0307525	TRUE	TRUE
251	chrVI	32472	32995	ARS601	proARS601/proARS602	Confirmed	0.0334799545454545	14.5983727272727	9.54536909090909	TRUE	TRUE
721	chrXV	566409	566643	ARS1516	ADE2, proARS1516	Confirmed	0.2553408	11.204408	12.82	TRUE	TRUE
664	chrXIV	498987	499232	ARS1420	proARS1420	Confirmed	0.536051	13.2439166666667	10.5247016666667	TRUE	TRUE
459	chrXI	23	2746		proARS1101	Likely	0.179899147272727	17.0325336363636	6.65796114545455	TRUE	TRUE
659	chrXIV	412263	412493	ARS1417	proARS1417	Confirmed	1.2276	8.956622	14.15852	TRUE	TRUE
646	chrXIV	169566	169804	ARS1411	proARS1411	Confirmed	0.216876	12.3917166666667	10.7081066666667	TRUE	TRUE
35	chrII	177529	177877	ARS207.1	ARS207.3	Confirmed	0.263934	11.5045375	11.5446875	TRUE	TRUE
635	chrXIV	28467	28699	ARS1405	proARS1405	Confirmed	0.01964158	15.5864	7.418346	TRUE	TRUE
728	chrXV	656632	656876	ARS1519	proARS1519	Confirmed	0.282347833333333	12.2105833333333	10.7874316666667	TRUE	TRUE
163	chrIV	806044	806270	ARS425	proARS425	Confirmed	0.892055333333333	10.52267	12.3292166666667	TRUE	TRUE
266	chrVI	256263	256418	ARS609	proARS609	Confirmed	0.11662195	14.93185	7.9195475	TRUE	TRUE
293	chrVII	352695	352917	ARS716	proARS716	Confirmed	1.11711283333333	10.3250666666667	12.2151666666667	TRUE	TRUE
457	chrX	736728	736970	ARS1024	proARS1024	Confirmed	0.05319595	14.64775	7.68406666666667	TRUE	TRUE
206	chrIV	1502624	1503221	ARS447	proARS447	Confirmed	0.460821307692308	11.7767338461538	10.5342169230769	TRUE	TRUE
662	chrXIV	449343	449588	ARS1419	proARS1419	Confirmed	1.43629166666667	10.76969	11.4814833333333	TRUE	TRUE
66	chrII	591424	591713	ARS219	proARS219	Confirmed	0.238505142857143	11.9024142857143	10.2746971428571	TRUE	TRUE
187	chrIV	1240869	1241098	ARS433	proARS433	Confirmed	0.4517558	9.663088	12.36784	TRUE	TRUE
78	chrII	757390	757621	ARS225	proARS225	Confirmed	0.261888	11.2060666666667	10.713085	TRUE	TRUE
418	chrX	23661	24158	ARS1004	proARS1004	Confirmed	0.0736559363636364	12.1484545454545	9.72654	TRUE	TRUE
336	chrVIII	7534	7782	ARS802	proARS802	Confirmed	0.3641875	16.0804166666667	5.73578333333333	TRUE	TRUE
361	chrVIII	359469	359928	ARS816	proARS816	Confirmed	0.5597846	10.683244	11.03234	TRUE	TRUE
355	chrVIII	245719	245968	ARS813	proARS813	Confirmed	1.60406166666667	8.69479166666667	12.9885333333333	TRUE	TRUE
827	chrXVI	932976	933223	ARS1631	proARS1631	Confirmed	0.323267666666667	12.51935	9.15643166666667	TRUE	TRUE
228	chrV	278073	278355	ARS513.7		Confirmed	0.473501857142857	11.6800714285714	9.90501714285714	TRUE	TRUE
687	chrXV	9761	12672		proARS1504, proARS1505	Likely	0.0778173050847458	14.0034284745763	7.55164118644068	TRUE	TRUE
501	chrXI	642355	642602	ARS1123	proARS1123	Confirmed	0.315084	11.6012833333333	9.89014666666667	TRUE	TRUE
155	chrIV	702879	703125	ARS422	ARO1, proARS422	Confirmed	0.421475333333333	9.711665	11.7392833333333	TRUE	TRUE
435	chrX	336976	337225	ARS1011	proARS1011	Confirmed	0.421475333333333	10.0986516666667	11.15925	TRUE	TRUE
136	chrIV	316719	317111	ARS412	proARS412	Confirmed	0.979349888888889	9.05707888888889	12.1523888888889	TRUE	TRUE
456	chrX	729677	730208	ARS1023	proARS1023	Confirmed	0.165725983333333	13.1183608333333	8.06331583333333	TRUE	TRUE
688	chrXV	18367	20227		proARS1506	Likely	0.103376794736842	13.2859473684211	7.89175921052632	TRUE	TRUE
81	chrII	792116	792340	ARS228	proARS228	Confirmed	0.5057702	11.07598	10.059694	TRUE	TRUE
250	chrVI	19669	20826	ARS600.4	proARS600.3, proARS600.4	Confirmed	0.1820939875	12.58007375	8.3632375	TRUE	TRUE
417	chrX	16123	16762	ARS1003	proARS1003	Confirmed	0.0526113571428571	12.6822571428571	8.17981285714286	TRUE	TRUE
56	chrII	417739	418035	ARS215	proARS215	Confirmed	0.319175571428571	10.6991285714286	10.1599628571429	TRUE	TRUE
24	chrII	28933	29152	ARS201.5	ARS230	Confirmed	0.315084	11.69185	9.15148	TRUE	TRUE
204	chrIV	1486905	1487149	ARS446	proARS446	Confirmed	0.2504304	11.34768	9.316062	TRUE	TRUE
633	chrXIV	6282	10914		proARS1402, proARS1403	Likely	0.871334008510638	15.490495106383	5.14774178723404	TRUE	TRUE
117	chrIV	137	1392	ARS400		Confirmed	0.217190642307692	14.8605620769231	5.75332657692308	TRUE	TRUE
91	chrIII	15213	16274	ARS320	proARS302, proARS303/proARS320	Confirmed	0.0457559545454545	16.2061727272727	4.38194454545455	TRUE	TRUE
33	chrII	142868	144016	ARS206	proARS206	Confirmed	0.106391945833333	11.4273541666667	8.9197125	TRUE	TRUE
824	chrXVI	880854	881102	ARS1630	proARS1630	Confirmed	0.323267833333333	9.70344166666667	10.6386966666667	TRUE	TRUE
349	chrVIII	168531	168773	ARS809	proARS809	Confirmed	0.761111	7.86318666666667	12.363895	TRUE	TRUE
29	chrII	93410	93811	ARS203	proARS203	Confirmed	0.0872959333333333	11.3844777777778	8.77471333333333	TRUE	TRUE
374	chrVIII	553135	553845			Dubious	0.158769586666667	14.7021013333333	5.274738	TRUE	TRUE
121	chrIV	46181	46237	ARS404	HO, proARS404	Confirmed	1.03118	10.3621	9.60756	TRUE	TRUE
89	chrIII	14574	14849	ARS302	proARS302, proARS303/proARS320	Confirmed	0.0613799333333333	15.2488166666667	4.65009833333333	TRUE	TRUE
766	chrXVI	161693	163447		proARS1608	Likely	0.385329444444444	10.08492	9.68357	TRUE	TRUE
112	chrIII	272844	273088	ARS316	proARS316	Confirmed	0.26598	10.9590433333333	8.74991833333333	TRUE	TRUE
7	chrI	40716	43300	ARS105	proARS105	Confirmed	0.154866438461538	10.9677707692308	8.67746173076923	TRUE	TRUE
679	chrXIV	713642	714136	ARS1428	proARS1428	Confirmed	0.107135936363636	10.2330118181818	9.36419909090909	TRUE	TRUE
618	chrXIII	688766	689221	ARS1326	proARS1326	Confirmed	0.37319	8.724436	10.624822	TRUE	TRUE
764	chrXVI	116505	116765	ARS1607	proARS1607	Confirmed	0.560603	8.48894833333333	10.7725616666667	TRUE	TRUE
760	chrXVI	42976	43212	ARS1604	proARS1604	Confirmed	1.0189085	7.77261666666667	11.4319166666667	TRUE	TRUE
650	chrXIV	250259	250506	ARS1413	proARS1413	Confirmed	0.376463666666667	7.970225	11.21376	TRUE	TRUE
193	chrIV	1353494	1353667	ARS437	proARS437	Confirmed	1.527132	6.407468	12.68318	TRUE	TRUE
134	chrIV	253789	254038	ARS410	proARS410	Confirmed	0.147311966666667	10.26745	8.759835	TRUE	TRUE
159	chrIV	753159	753391	ARS423	proARS423	Confirmed	0.13258076	9.327148	9.696806	TRUE	TRUE
692	chrXV	72636	72872	ARS1507	proARS1507	Confirmed	0.728375	8.63715666666667	10.2917016666667	TRUE	TRUE
509	chrXII	76711	77163	ARS1205	proARS1205	Confirmed	1.173585	7.232485	11.65695	TRUE	TRUE
567	chrXII	1023967	1024207	ARS1234	proARS1234	Confirmed	0.0572879333333333	9.10647666666667	9.642275	TRUE	TRUE
73	chrII	704250	704521	ARS222	proARS222	Confirmed	0.448950142857143	9.5064	9.14864857142857	TRUE	TRUE
733	chrXV	729739	729969	ARS1521	proARS1521	Confirmed	0.12275995	9.546995	8.92838666666667	TRUE	TRUE
560	chrXII	928051	928540	ARS1229	proARS1229	Confirmed	0.3142655	8.546584	9.89312	TRUE	TRUE
214	chrV	11713	12194	ARS504.2	proARS505	Confirmed	0.14731198	13.1484	5.285646	TRUE	TRUE
390	chrIX	175034	175355	ARS912	proARS912	Confirmed	1.7309125	7.54619	10.7862125	TRUE	TRUE
54	chrII	389245	390368	ARS213	proARS213	Confirmed	0.566741041666667	9.88354375	8.37191625	TRUE	TRUE
562	chrXII	947908	948358	ARS1231	proARS1231	Confirmed	1.0336375	7.239896	11.01151	TRUE	TRUE
484	chrXI	388607	388902	ARS1112	proARS1112	Confirmed	1.92207	7.66440285714286	10.4446542857143	TRUE	TRUE
718	chrXV	497144	497603	ARS1515.5		Confirmed	0.314711727272727	8.09298181818182	9.98882272727273	TRUE	TRUE
151	chrIV	629072	629669	ARS420	proARS420	Confirmed	0.696898076923077	7.50913692307692	10.5204869230769	TRUE	TRUE
199	chrIV	1447298	1448928	ARS441	proARS441	Confirmed	0.345894	9.91314441176471	8.07220470588235	TRUE	TRUE
338	chrVIII	45589	46076	ARS804	proARS804	Confirmed	1.24545272727273	7.97845909090909	10.0023527272727	TRUE	TRUE
277	chrVII	114385	115095		proARS705	Likely	0.25861418	10.7038173333333	7.22996266666667	TRUE	TRUE
736	chrXV	766617	766862	ARS1523	proARS1522, proARS1523	Confirmed	1.56314333333333	7.57500666666667	10.296635	TRUE	TRUE
652	chrXIV	279875	280108	ARS1414	proARS1414	Confirmed	1.49357666666667	7.08510333333333	10.7576833333333	TRUE	TRUE
656	chrXIV	352509	352996	ARS1311.7		Confirmed	0.220968	9.388899	8.432643	TRUE	TRUE
190	chrIV	1302579	1302819	ARS435	proARS435	Confirmed	0.716099	7.18802333333333	10.58418	TRUE	TRUE
622	chrXIII	772629	772878	ARS1328	proARS1328	Confirmed	0.192324	8.36545	9.29028166666667	TRUE	TRUE
709	chrXV	353743	354887			Likely	1.36570279166667	9.01179208333333	8.6061525	TRUE	TRUE
62	chrII	516805	517805	ARS217		Confirmed	0.102884519047619	8.49365619047619	9.10189952380952	TRUE	TRUE
6	chrI	30946	31184	ARS104	proARS104	Confirmed	0.441935333333333	8.0114	9.57285166666667	TRUE	TRUE
496	chrXI	581468	581706	ARS1118	proARS1118	Confirmed	1.26852	7.35269833333333	10.20741	TRUE	TRUE
525	chrXII	343577	344033	ARS1212.5		Confirmed	0.6064336	6.790333	10.651603	TRUE	TRUE
227	chrV	276127	276526	ARS513.5		Confirmed	0.259159877777778	10.1110077777778	7.14866	TRUE	TRUE
34	chrII	170049	170298	ARS207	proARS207	Confirmed	0.335543833333333	7.20860666666667	10.023995	TRUE	TRUE
152	chrIV	639859	640108	ARS421	proARS421	Confirmed	0.802030333333333	7.44326833333333	9.77115666666667	TRUE	TRUE
813	chrXVI	695432	695681	ARS1625	proARS1625	Confirmed	0.847042333333333	6.86690833333333	10.33134	TRUE	TRUE
554	chrXII	821907	822336	ARS1227	proARS1227	Confirmed	0.237336	8.53560666666667	8.62267888888889	TRUE	TRUE
269	chrVII	23	778			Dubious	0.2194334125	11.524605375	5.579003875	TRUE	TRUE
754	chrXV	1077498	1085252		proARS1530	Likely	1.19428916242038	10.6118812738854	6.46541479617834	TRUE	TRUE
119	chrIV	15492	15739	ARS403	proARS403	Confirmed	0.102299916666667	10.8232066666667	6.043145	TRUE	TRUE
522	chrXII	289220	289469	ARS1212	proARS1212	Confirmed	0.290531816666667	8.74831	7.91705333333333	TRUE	TRUE
816	chrXVI	749094	749341	ARS1626	proARS1626	Confirmed	0.257796	7.74379833333333	8.80445166666667	TRUE	TRUE
274	chrVII	64279	64528	ARS702	proARS702	Confirmed	0.965710333333333	6.286435	10.2024566666667	TRUE	TRUE
282	chrVII	187241	187651	ARS709	proARS709	Confirmed	0.16695359	8.040212	8.432638	TRUE	TRUE
371	chrVIII	520016	520630	ARS823	proARS823	Confirmed	0.237965453846154	7.47303692307692	8.96461461538462	TRUE	TRUE
104	chrIII	192527	193643		proARS313	Dubious	0.0533738434782609	11.4903152173913	4.92082043478261	TRUE	TRUE
88	chrIII	11303	14854	ARS302	proARS301, proARS302, proARS303/proARS320	Confirmed	0.0340999652777778	13.0538505555556	3.34752605555556	TRUE	TRUE
276	chrVII	112080	112319	ARS704	proARS704	Confirmed	0.253704	8.75242666666667	7.59978666666667	TRUE	TRUE
770	chrXVI	210467	211723	ARS1609	proARS1609	Confirmed	0.848931961538462	8.71664230769231	7.49110384615385	TRUE	TRUE
388	chrIX	136094	136335	ARS911	proARS911	Confirmed	0.450119166666667	6.64459833333333	9.51337166666667	TRUE	TRUE
494	chrXI	530070	530560	ARS1117	proARS1117	Confirmed	0.254447909090909	7.68653636363636	8.46644454545454	TRUE	TRUE
267	chrVI	268255	268965		proARS610	Likely	0.0392831466666667	13.6975866666667	2.39147933333333	TRUE	TRUE
285	chrVII	240972	241441	ARS712	proARS712	Confirmed	0.13012557	8.941802	7.025714	TRUE	TRUE
451	chrX	654069	654309	ARS1020	proARS1020	Confirmed	1.53449833333333	6.14234333333333	9.776115	TRUE	TRUE
215	chrV	17067	19023		proARS506	Likely	0.068745525	10.029895	5.8493095	TRUE	TRUE
242	chrV	549560	549809	ARS522	ARS501, proARS522	Confirmed	0.609707	6.68165333333333	9.131645	TRUE	TRUE
737	chrXV	783344	783563	ARS1524	proARS1524	Confirmed	0.216876	9.30820166666667	6.38521166666667	TRUE	TRUE
197	chrIV	1404277	1404512	ARS440	proARS440	Confirmed	0.175956	7.513255	8.10545166666667	TRUE	TRUE
326	chrVII	999448	999695	ARS734	proARS734	Confirmed	1.29307	5.79241	9.79098166666667	TRUE	TRUE
118	chrIV	7596	11052		proARS401, proARS402	Likely	0.0829926197183099	10.1813857746479	4.84295130985915	TRUE	TRUE
323	chrVII	916675	917170	ARS732	proARS732	Confirmed	0.171863981818182	6.05626272727273	8.85042272727273	TRUE	TRUE
506	chrXII	28749	32505		proARS1202	Dubious	0.114150814285714	9.43774272727273	5.4301594025974	TRUE	TRUE
648	chrXIV	196055	196291	ARS1412	proARS1412	Confirmed	0.358459	7.909294	6.900788	TRUE	TRUE
422	chrX	113226	113828	ARS1007	proARS1007	Confirmed	0.413606153846154	6.73770230769231	7.92355076923077	TRUE	TRUE
255	chrVI	68690	68869	ARS603	proARS603	Confirmed	0.3781002	8.773838	5.877568	TRUE	TRUE
271	chrVII	17629	18112	ARS700.5		Confirmed	0.868246454545455	6.93652090909091	7.69578272727273	TRUE	TRUE
249	chrVI	18682	19864	ARS600.3	proARS600.3, proARS600.4	Confirmed	0.169899824	9.6690064	4.8495872	TRUE	TRUE
330	chrVII	1063254	1063715	ARS735.5		Confirmed	0.08593193	8.759026	5.502783	TRUE	TRUE
682	chrXIV	738550	738982	ARS1428.5		Confirmed	0.10802875	7.756156	6.49031	TRUE	TRUE
626	chrXIII	836823	838167		proARS1331	Likely	0.804953678571429	5.43689178571429	8.66953892857143	TRUE	TRUE
723	chrXV	600885	600960	ARS1517	ARS1502, proARS1517	Confirmed	0.458303333333333	6.71870333333333	7.32712666666667	TRUE	TRUE
643	chrXIV	126488	126981	ARS1410	proARS1410	Confirmed	0.426311363636364	6.68951	7.27935818181818	TRUE	TRUE
248	chrVI	12174	13028	ARS600.2	proARS600.2	Confirmed	0.0559239333333333	8.90749388888889	4.84674555555556	TRUE	TRUE
637	chrXIV	61597	61894	ARS1406	proARS1406	Confirmed	1.40998428571429	5.51893428571429	8.17131142857143	TRUE	TRUE
372	chrVIII	535403	535836	ARS823.5		Confirmed	0.130943966666667	8.45052444444444	5.10949111111111	TRUE	TRUE
564	chrXII	1007180	1007470	ARS1232	proARS1232	Confirmed	1.43453714285714	5.42013	8.04383571428571	TRUE	TRUE
804	chrXVI	584037	584486	ARS1622.7		Confirmed	1.0017201	5.288508	8.040013	TRUE	TRUE
518	chrXII	222410	222792	ARS1210	proARS1210	Confirmed	1.445495	5.16253125	8.1091675	TRUE	TRUE
380	chrIX	15901	19066		proARS904	Likely	0.0575436859375	8.750755	4.463574515625	TRUE	TRUE
520	chrXII	243527	243960	ARS1211.5		Confirmed	1.0164515	5.542931	7.623584	TRUE	TRUE
558	chrXII	888569	888810	ARS1227.5	ARS1238	Confirmed	1.00253816666667	6.26173166666667	6.70248666666667	TRUE	TRUE
775	chrXVI	261168	262687		proARS1612	Likely	1.19987729032258	5.07169516129032	7.89099967741936	TRUE	TRUE
432	chrX	298471	298952	ARS1010	proARS1010	Confirmed	0.486575090909091	6.09443818181818	6.70609454545454	TRUE	TRUE
226	chrV	255623	256957			Likely	0.142050825	6.11528964285714	6.67557607142857	TRUE	TRUE
758	chrXVI	12290	13227	ARS1602	proARS1602	Confirmed	0.11048395	8.0006915	4.653569	TRUE	TRUE
373	chrVIII	550163	551317			Likely	0.0429659666666667	8.84300041666667	3.71685708333333	TRUE	TRUE
364	chrVIII	392148	392391	ARS818	proARS818, proARS819	Confirmed	0.920699333333333	5.117245	7.40149	TRUE	TRUE
113	chrIII	292524	292826	ARS317	proARS317, proARS318	Confirmed	0	8.97709	3.52263142857143	TRUE	TRUE
781	chrXVI	316743	318397		proARS1616	Likely	0.106873361764706	6.21959470588235	6.22803	TRUE	TRUE
188	chrIV	1274655	1275365			Dubious	0.11784956	7.70839266666667	4.49740933333333	TRUE	TRUE
731	chrXV	681112	681611	ARS1520	proARS1520	Confirmed	0.156239972727273	6.14383909090909	6.00303454545455	TRUE	TRUE
565	chrXII	1013789	1014017	ARS1233	proARS1233	Confirmed	0.237336	5.97355333333333	6.082805	TRUE	TRUE
794	chrXVI	456557	456805	ARS1620.5	ARS1633	Confirmed	1.14166666666667	4.06744833333333	7.976555	TRUE	TRUE
368	chrVIII	474309	474793	ARS821	proARS821	Confirmed	0.3781002	6.167866	5.859719	TRUE	TRUE
196	chrIV	1385151	1385630	ARS439.5		Confirmed	0.12030475	5.486116	6.282097	TRUE	TRUE
181	chrIV	1109955	1110196	ARS431.5	ARS452	Confirmed	0.0736559	6.323482	5.270772	TRUE	TRUE
587	chrXIII	158846	159279	ARS1307.5		Confirmed	1.87086	3.98923	7.558146	TRUE	TRUE
225	chrV	212381	212630	ARS512	proARS512	Confirmed	1.46902666666667	3.878075	7.65927666666667	TRUE	TRUE
75	chrII	720601	721038	ARS223	proARS223	Confirmed	0.177319988888889	6.63362	4.88805777777778	TRUE	TRUE
570	chrXII	1059486	1059919	ARS1235	proARS1235	Confirmed	0.15958798	7.301649	4.191038	TRUE	TRUE
18	chrI	214879	215635	ARS111	proARS111	Confirmed	0.09206994375	7.269846875	4.192154375	TRUE	TRUE
63	chrII	539137	539699	ARS218	proARS218	Confirmed	0.128897966666667	6.68576833333333	4.66745	TRUE	TRUE
507	chrXII	51860	52210	ARS1203	proARS1203	Confirmed	0.0797939375	6.348185	4.714545	TRUE	TRUE
502	chrXI	658278	666417		proARS1124	Likely	0.0540442975609756	8.73229407926829	2.30014147073171	TRUE	TRUE
624	chrXIII	805116	805338	ARS1329	proARS1329	Confirmed	1.0311826	4.322694	6.704472	TRUE	TRUE
130	chrIV	212420	212669	ARS409	proARS409	Confirmed	1.10074633333333	4.569705	6.37033666666667	TRUE	TRUE
310	chrVII	653611	654091	ARS726	proARS726	Confirmed	0.8519534	4.258472	6.600363	TRUE	TRUE
634	chrXIV	13998	16375		proARS1404	Likely	0.0641357734693878	7.20112897959184	3.55237571428571	TRUE	TRUE
605	chrXIII	468177	468468	ARS1316	proARS1316	Confirmed	0.413876	5.16606	5.52828	TRUE	TRUE
5	chrI	16855	17565			Likely	0.124396766666667	6.753286	3.678438	TRUE	TRUE
392	chrIX	189523	190747			Likely	0.114903316	4.9688752	5.4313952	TRUE	TRUE
2	chrI	6136	7136	ARS102.5	proARS103	Confirmed	0.0455965333333333	7.39268952380952	2.96314666666667	TRUE	TRUE
19	chrI	222871	224037	ARS112		Confirmed	0.0624029541666667	7.38357291666667	2.63736958333333	TRUE	TRUE
579	chrXIII	39922	40355	ARS1304	proARS1304	Confirmed	0.6064334	4.337516	5.681252	TRUE	TRUE
325	chrVII	977730	977979	ARS733	proARS733	Confirmed	0.994353166666667	3.59812666666667	6.25135833333333	TRUE	TRUE
425	chrX	161435	161860	ARS1007.5		Confirmed	1.39455	3.193854	6.48436	TRUE	TRUE
82	chrII	796259	797162	ARS228.5		Confirmed	0.558233947368421	5.28473684210526	4.26446210526316	TRUE	TRUE
273	chrVII	31980	34434			Likely	0.07905739	5.2435522	4.06611078	TRUE	TRUE
628	chrXIII	878619	879115	ARS1331.7		Confirmed	1.07582372727273	3.01128909090909	6.17068818181818	TRUE	TRUE
179	chrIV	1033069	1034182	ARS430.5		Confirmed	0.128097352173913	5.04224782608696	4.06468652173913	TRUE	TRUE
4	chrI	9775	10485			Likely	0.0212783666666667	6.397588	2.677028	TRUE	TRUE
3	chrI	7998	8548	ARS103	proARS103	Confirmed	0.0511499416666667	7.68616166666667	1.28645983333333	TRUE	TRUE
278	chrVII	117471	117955	ARS706	ARO8, proARS706	Confirmed	0.122759963636364	5.12885	3.78028909090909	TRUE	TRUE
195	chrIV	1379198	1380752		proARS439	Likely	0.0691919606060606	4.11610363636364	4.61314424242424	TRUE	TRUE
461	chrXI	15455	16165			Likely	0.111302366666667	4.02792693333333	4.44386953333333	TRUE	TRUE
783	chrXVI	331678	332074	ARS1617	proARS1617	Confirmed	0.280983888888889	3.75731222222222	4.59722111111111	TRUE	TRUE
463	chrXI	42110	42563	ARS1102.5		Confirmed	0.12030475	3.870664	4.295144	TRUE	TRUE
20	chrI	226100	227000	ARS113		Confirmed	0.0519924294117647	6.09390941176471	1.90191570588235	TRUE	TRUE
403	chrIX	307699	309073		proARS916	Dubious	1.49089724137931	4.0271324137931	3.86682034482759	TRUE	TRUE
145	chrIV	476003	477577			Likely	1.9618559375	2.4446378125	5.1672246875	TRUE	TRUE
385	chrIX	80058	80557	ARS908	proARS908	Confirmed	0.756647090909091	3.41549090909091	4.19401363636364	TRUE	TRUE
80	chrII	773918	774348	ARS227	proARS227	Confirmed	0.621983	3.36209444444444	4.21714666666667	TRUE	TRUE
472	chrXI	196038	196284	ARS1106.3	ARS1126	Confirmed	0.990261833333333	2.31367166666667	5.22020666666667	TRUE	TRUE
107	chrIII	199935	200645			Likely	0.0147311933333333	6.57872866666667	0.8982918	TRUE	TRUE
779	chrXVI	297813	299287			Likely	0.2913502	3.038237	4.36653266666667	TRUE	TRUE
689	chrXV	22523	24675			Likely	0.0770039318181818	4.70612370454545	2.49315268181818	TRUE	TRUE
768	chrXVI	189963	191457			Likely	0.139391964516129	3.79440870967742	3.27096516129032	TRUE	TRUE
291	chrVII	318745	319455			Likely	0.56776423125	3.16328625	3.81476625	TRUE	TRUE
127	chrIV	137445	137808	ARS407	proARS407	Confirmed	0.223696	3.34562888888889	3.53632333333333	TRUE	TRUE
381	chrIX	30065	31646			Likely	0.105880440625	4.7194565625	2.116525625	TRUE	TRUE
363	chrVIII	380153	382157		proARS817	Likely	0.443132951219512	2.80809512195122	3.90309414634146	TRUE	TRUE
497	chrXI	583883	585091		proARS1119	Dubious	0.53719688	4.7386604	1.947688	TRUE	TRUE
86	chrIII	3814	5892		proARS300.5	Dubious	0.0257211119047619	5.48070714285714	1.18270944285714	TRUE	TRUE
651	chrXIV	252383	254147			Likely	0.442617386111111	4.38581944444444	2.11518286111111	TRUE	TRUE
413	chrIX	432496	432994	ARS922.5		Confirmed	0.0535679454545455	4.41925454545455	1.85499181818182	TRUE	TRUE
826	chrXVI	929725	930435			Likely	0.587610266666667	3.63929533333333	2.49855933333333	TRUE	TRUE
133	chrIV	235935	236184	ARS409.5		Confirmed	0.433751166666667	2.37954	3.70322166666667	TRUE	TRUE
213	chrV	8786	10019	ARS504	proARS504	Confirmed	0.226633842307692	4.80911615384615	1.16462238461538	TRUE	TRUE
543	chrXII	644937	645426	ARS1219.7		Confirmed	0.462023272727273	2.01426272727273	3.73972909090909	TRUE	TRUE
219	chrV	108553	110467		proARS509	Likely	0.180677520512821	2.23006717948718	3.45649512820513	TRUE	TRUE
603	chrXIII	420429	421629		proARS1314	Likely	0.6226376	2.4888832	3.1172524	TRUE	TRUE
194	chrIV	1355087	1356599		proARS438	Dubious	0.931391032258065	2.79441290322581	2.5695635483871	TRUE	TRUE
630	chrXIII	918073	919137		proARS1333	Likely	0.03682795	3.31331681818182	1.97802727272727	TRUE	TRUE
822	chrXVI	863303	864667			Likely	0.205184560714286	2.24603678571429	2.94366892857143	TRUE	TRUE
270	chrVII	6261	8789			Likely	0.0779886431372549	3.87565274509804	1.31401909803922	TRUE	TRUE
491	chrXI	500415	501125			Likely	0.188231986666667	1.765306	3.37504	TRUE	TRUE
717	chrXV	493968	495625		proARS1515	Dubious	0.934418147058824	3.66811441176471	1.39100520588235	TRUE	TRUE
327	chrVII	1002182	1002571	ARS735	proARS735	Confirmed	0.902966444444445	2.77475888888889	2.26721333333333	TRUE	TRUE
500	chrXI	632003	634377		proARS1122	Likely	0.0455234458333333	3.05573333333333	1.72581577083333	TRUE	TRUE
743	chrXV	901383	903147		proARS1527	Dubious	0.718144666666667	2.13115666666667	2.627455	TRUE	TRUE
786	chrXVI	376723	377937			Likely	0.307390796	2.81098688	1.92508092	TRUE	TRUE
337	chrVIII	9711	11566		proARS803	Likely	0.0962696315789474	3.84297263157895	0.785888315789474	TRUE	TRUE
124	chrIV	95435	96145			Likely	0.116212753333333	2.07160066666667	2.54020266666667	TRUE	TRUE
467	chrXI	113073	115127		proARS1105	Likely	0.341389378571429	2.47246380952381	2.11966907142857	TRUE	TRUE
265	chrVI	253316	253800	ARS608.5		Confirmed	0.13994639	3.092578	1.481289	TRUE	TRUE
720	chrXV	520541	521040	ARS1515.7		Confirmed	0.765574545454546	1.09358636363636	3.46120909090909	TRUE	TRUE
621	chrXIII	759074	766074			Likely	0.183356276595745	3.02422376382979	1.45179808510638	TRUE	TRUE
241	chrV	520767	521025	ARS521		Confirmed	0.151403966666667	2.009025	2.44403	TRUE	TRUE
71	chrII	675947	676667	ARS221.5		Confirmed	0.0583109375	2.12121	2.32752875	TRUE	TRUE
128	chrIV	157744	158235	ARS408	proARS408	Confirmed	0.0892799363636364	1.98507181818182	2.42284636363636	TRUE	TRUE
631	chrXIII	922023	924397		proARS1335	Likely	0.124294447916667	2.82724733541667	1.5609810625	TRUE	TRUE
735	chrXV	759221	766221			Likely	0.645664395744681	2.07068920283688	2.1612417822695	TRUE	TRUE
235	chrV	429861	431061			Likely	0.56371296	1.64015416	2.5509104	TRUE	TRUE
135	chrIV	256029	257132		proARS411	Likely	0.106747765217391	3.47748652173913	0.67378352173913	TRUE	TRUE
566	chrXII	1016304	1023304			Likely	0.0835812304964539	2.93154880141844	1.15624882624113	TRUE	TRUE
158	chrIV	748384	748630	ARS422.5	ARS451	Confirmed	0.200508	1.87728333333333	2.08709166666667	FALSE	FALSE
397	chrIX	224943	227297			Likely	0.796404375	1.73165	2.21226708333333	FALSE	FALSE
750	chrXV	1022548	1023652			Likely	0.252680916666667	1.35135595833333	2.57168458333333	FALSE	FALSE
724	chrXV	601221	608221			Likely	0.181789121985816	2.20926025248227	1.69144368439716	FALSE	FALSE
436	chrX	353463	355722			Likely	0.935109465217391	1.63510637608696	2.15326233913043	FALSE	FALSE
812	chrXVI	687133	694133			Likely	1.14506184397163	2.18963997163121	1.58048068085106	FALSE	FALSE
153	chrIV	641291	648291			Likely	1.59727083687943	2.19524572340426	1.54504055319149	FALSE	FALSE
67	chrII	611269	613200	ARS219.5		Confirmed	0.407940307692308	1.21225469230769	2.48635846153846	FALSE	FALSE
205	chrIV	1495291	1502291			Likely	0.214873277304965	2.37919007730496	1.24970227446809	FALSE	FALSE
725	chrXV	616913	618427		proARS1518	Likely	0.240767964516129	1.43027519354839	2.14642129032258	FALSE	FALSE
132	chrIV	232140	232618	ARS409.3		Confirmed	0.959757636363636	1.24852936363636	2.31468363636364	FALSE	FALSE
30	chrII	95377	97400		proARS204	Dubious	0.0892255024390244	3.0328133902439	0.504935965853659	FALSE	FALSE
569	chrXII	1052304	1059304			Likely	0.0531088815602837	2.64004098297872	0.866817457446808	FALSE	FALSE
693	chrXV	74000	84000			Likely	0.696249923383085	2.07231248258706	1.40288781442786	FALSE	FALSE
767	chrXVI	178643	179827			Likely	0.072673856	1.5700028	1.890578	FALSE	FALSE
280	chrVII	165725	167856		proARS708	Dubious	1.58527609090909	1.72627095454545	1.72925331818182	FALSE	FALSE
221	chrV	164051	165251			Dubious	1.27768404	1.39215576	2.0381112	FALSE	FALSE
747	chrXV	997703	999357			Likely	0.0758222735294118	1.31860364705882	2.03664147058824	FALSE	FALSE
793	chrXVI	453658	454627			Likely	0.57206065	2.072424	1.2641528	FALSE	FALSE
698	chrXV	154972	155462	ARS1509.5		Confirmed	0.557999272727273	1.21484581818182	2.07672636363636	FALSE	FALSE
729	chrXV	662888	663957			Likely	0.137704665217391	1.31238113043478	1.93211652173913	FALSE	FALSE
475	chrXI	235293	236577			Likely	0.333725	1.38966555555556	1.84637888888889	FALSE	FALSE
120	chrIV	21265	22262	ARS402.5		Confirmed	0.0233828285714286	1.9102180952381	1.32293238095238	FALSE	FALSE
319	chrVII	845923	848287			Likely	0.335543729166667	1.03332972916667	2.18500127083333	FALSE	FALSE
156	chrIV	719873	721227			Likely	0.167479692857143	1.10096442857143	2.11612821428571	FALSE	FALSE
561	chrXII	930388	931561		proARS1230	Dubious	0.18463098	2.4552904	0.7352914	FALSE	FALSE
36	chrII	187205	187915			Likely	0.165316793333333	1.24987533333333	1.92151066666667	FALSE	FALSE
430	chrX	248600	249300	ARS1009.5		Confirmed	0.05728794	1.60886666666667	1.52095053333333	FALSE	FALSE
405	chrIX	313359	314533		proARS918	Dubious	0.768271791666667	2.04092958333333	1.08816304166667	FALSE	FALSE
324	chrVII	969741	970941			Likely	0.134544932	1.285446	1.8382264	FALSE	FALSE
169	chrIV	898253	899887		proARS427	Likely	0.434495424242424	1.21634275757576	1.78288363636364	FALSE	FALSE
450	chrX	643813	644767			Likely	0.06629037	1.12019595	1.876895	FALSE	FALSE
379	chrIX	10094	11992		proARS903	Dubious	0.0963193256410256	2.38207451282051	0.510237443589744	FALSE	FALSE
790	chrXVI	422281	423380		proARS1620	Dubious	1.8638147826087	1.55939130434783	1.29971808695652	FALSE	FALSE
636	chrXIV	28756	43756			Dubious	0.0369503122923588	2.08531541993355	0.750734234219269	FALSE	FALSE
125	chrIV	100380	101355	ARS405.5		Confirmed	0.0385816619047619	1.48206771428571	1.27902495238095	FALSE	FALSE
540	chrXII	612500	622500			Dubious	0.830003139303483	1.12863190845771	1.61598460348259	FALSE	FALSE
281	chrVII	170773	172017			Likely	0.188861526923077	1.05644730769231	1.685155	FALSE	FALSE
627	chrXIII	865288	865683	ARS1331.5		Confirmed	0.338271777777778	0.985300888888889	1.72519555555556	FALSE	FALSE
791	chrXVI	427273	428757			Likely	0.245519893548387	0.921910064516129	1.77413135483871	FALSE	FALSE
460	chrXI	7397	9007		proARS1102	Likely	0.0389943088235294	1.70510323529412	0.990326176470588	FALSE	FALSE
306	chrVII	591600	592800			Dubious	0.42425796	0.74992604	1.9441184	FALSE	FALSE
394	chrIX	201591	208591			Likely	1.55844034113475	1.45596425390071	1.21721496595745	FALSE	FALSE
517	chrXII	197913	199417			Dubious	1.39550170967742	0.862149032258064	1.80099774193548	FALSE	FALSE
339	chrVIII	56650	59172			Likely	0.710590519230769	0.938642211538462	1.71776019230769	FALSE	FALSE
122	chrIV	50245	50955			Likely	0.250123375	1.60711625	1.044785125	FALSE	FALSE
370	chrVIII	504563	505207			Dubious	0.310407214285714	1.95668142857143	0.635263142857143	FALSE	FALSE
742	chrXV	898603	900567			Likely	0.2559545225	1.1572475	1.41510825	FALSE	FALSE
753	chrXV	1071098	1072802			Dubious	0.0388739527777778	1.17879138888889	1.36991266666667	FALSE	FALSE
170	chrIV	903824	904655	ARS427.5		Confirmed	0.960254388888889	1.36953944444444	1.17822394444444	FALSE	FALSE
288	chrVII	274818	275367			Likely	0.126851966666667	1.03744775	1.49219583333333	FALSE	FALSE
551	chrXII	785588	786917			Dubious	0.428782321428571	1.02597846428571	1.49255025	FALSE	FALSE
301	chrVII	552053	553847			Dubious	0.147993972222222	1.21996044444444	1.29802947222222	FALSE	FALSE
173	chrIV	942983	943975	ARS429.5		Confirmed	0.0935313714285714	0.886888523809524	1.62179714285714	FALSE	FALSE
748	chrXV	1011435	1012635			Likely	0.12767036	0.93271464	1.57409368	FALSE	FALSE
115	chrIII	304363	311363			Likely	0.0644271695035461	1.87483234609929	0.590676294326241	FALSE	FALSE
207	chrIV	1505300	1507153		proARS448	Likely	0.239854097435897	1.96152174358974	0.503373230769231	FALSE	FALSE
74	chrII	707158	708262	ARS222.5		Confirmed	0.151581891304348	1.68719391304348	0.751378739130435	FALSE	FALSE
821	chrXVI	850007	851124		proARS1629	Likely	1.87342195652174	1.14484352173913	1.2751447826087	FALSE	FALSE
473	chrXI	199886	200537	ARS1106.5		Confirmed	0.266564492857143	1.02862535714286	1.3831305	FALSE	FALSE
819	chrXVI	822993	825387			Likely	1.77475687755102	1.29403553061224	1.07081183673469	FALSE	FALSE
191	chrIV	1305246	1306801		proARS436	Dubious	0.253703845454545	1.72907757575758	0.602106121212121	FALSE	FALSE
563	chrXII	972200	982200			Dubious	1.72291287711443	1.22547012338308	1.09360125223881	FALSE	FALSE
655	chrXIV	342963	344117			Likely	0.969803083333333	0.650462875	1.64835666666667	FALSE	FALSE
745	chrXV	945350	946550			Likely	0.090351284	0.7835192	1.5074644	FALSE	FALSE
307	chrVII	607176	607619	ARS724.5		Confirmed	0.5843367	0.7385636	1.50806	FALSE	FALSE
25	chrII	38623	39068	ARS201.7		Confirmed	0.26270629	0.6570497	1.585399	FALSE	FALSE
79	chrII	760355	761713		proARS226	Likely	0.0964542392857143	1.92139393928571	0.311257775	FALSE	FALSE
597	chrXIII	339413	340377			Dubious	0.066290335	1.24246575	0.9548074	FALSE	FALSE
131	chrIV	212806	227806			Dubious	0.412326360797342	1.11893584850498	1.0775314448505	FALSE	FALSE
284	chrVII	231909	231984	ARS711	ARS701; ARS137	Confirmed	0.0736559	0.778085	1.41288	FALSE	FALSE
719	chrXV	514258	515458			Likely	0.39184944	0.69558332	1.488428	FALSE	FALSE
797	chrXVI	498853	500557			Likely	0.180983294285714	1.12778237142857	1.02916982857143	FALSE	FALSE
780	chrXVI	303433	305027		proARS1615	Likely	0.0967199393939394	0.825616242424242	1.29615103030303	FALSE	FALSE
444	chrX	469670	479670			Likely	1.92665759900498	1.01139394179104	1.10573587462687	FALSE	FALSE
823	chrXVI	865187	880187			Dubious	0.102286355149502	1.27132776611296	0.828110328571429	FALSE	FALSE
462	chrXI	16262	31262			Dubious	0.131324556810631	1.25212488604651	0.841648462126246	FALSE	FALSE
583	chrXIII	73874	74373	ARS1304.7		Confirmed	0.0870479181818182	0.806155	1.28172818181818	FALSE	FALSE
406	chrIX	320853	324347			Dubious	0.264763348648649	1.09886654054054	0.984793189189189	FALSE	FALSE
598	chrXIII	341313	342207			Likely	0.0788247631578947	0.978944368421053	1.09742626315789	FALSE	FALSE
714	chrXV	458023	459327			Likely	1.66498777777778	0.994448851851852	1.05869388888889	FALSE	FALSE
815	chrXVI	728393	729207			Likely	0.0218239777777778	0.861794444444444	1.17987688888889	FALSE	FALSE
759	chrXVI	18202	19681		proARS1603	Likely	0.0163679766666667	0.9938084	1.00239936666667	FALSE	FALSE
658	chrXIV	358745	359455			Likely	0.11355294375	0.9957635625	0.9852961875	FALSE	FALSE
782	chrXVI	319000	329000			Likely	0.0735337955223881	1.379206960199	0.579652926865672	FALSE	FALSE
711	chrXV	397773	399037			Likely	0.259684496153846	0.670730192307692	1.24241657692308	FALSE	FALSE
328	chrVII	1004198	1006102			Likely	0.234471515	1.125135475	0.78451835	FALSE	FALSE
176	chrIV	987000	995000			Dubious	1.60304546149068	0.906423804347826	1.00245388571429	FALSE	FALSE
365	chrVIII	406012	406508	ARS818.5		Confirmed	0.158471981818182	0.761243636363636	1.11137472727273	FALSE	FALSE
16	chrI	197385	198095			Likely	0.04583034	0.9172346	0.953815866666667	FALSE	FALSE
774	chrXVI	250245	250955			Likely	0.501780625	0.500197625	1.306911875	FALSE	FALSE
490	chrXI	467721	468921			Dubious	0.37220784	0.81217312	0.97562828	FALSE	FALSE
331	chrVII	1073298	1074352			Likely	0.049103952173913	1.01381973913043	0.765604347826087	FALSE	FALSE
389	chrIX	162936	163302	ARS911.5		Confirmed	0.155495988888889	0.617527777777778	1.16004644444444	FALSE	FALSE
254	chrVI	61781	62981			Likely	0.157132776	0.80031628	0.97206	FALSE	FALSE
697	chrXV	128922	130182	ARS1509.3		Confirmed	0.118038423076923	0.701131461538462	1.06966746153846	FALSE	FALSE
398	chrIX	230258	245258			Dubious	0.353597245847176	1.0394162641196	0.727314208305648	FALSE	FALSE
589	chrXIII	198000	208000			Dubious	1.28329855721393	0.754551282587065	1.00969432835821	FALSE	FALSE
660	chrXIV	415731	416931		proARS1418	Likely	0.2936418	0.86750324	0.8197664	FALSE	FALSE
351	chrVIII	197814	199014			Likely	0.024551976	0.98903256	0.69721728	FALSE	FALSE
649	chrXIV	234458	235658			Dubious	0.180702616	0.82798188	0.785262	FALSE	FALSE
741	chrXV	882650	885350			Dubious	0.0629423454545455	0.772920527272727	0.817170072727273	FALSE	FALSE
46	chrII	283015	283913	ARS210.5		Confirmed	0.218383578947368	0.629228263157895	0.909564210526316	FALSE	FALSE
357	chrVIII	279858	281058			Dubious	0.226860432	0.45252436	1.06129404	FALSE	FALSE
308	chrVII	620243	622517			Likely	0.66708214893617	0.549205468085106	0.957528553191489	FALSE	FALSE
773	chrXVI	241223	242267			Likely	0.680759	0.619773409090909	0.858542090909091	FALSE	FALSE
300	chrVII	534750	544750			Likely	1.11607630746269	0.690893882587065	0.766408854228856	FALSE	FALSE
348	chrVIII	140340	141265	ARS808	ARS2, ARS808	Confirmed	0.68499985	0.6644598	0.7852623	FALSE	FALSE
785	chrXVI	369003	369737			Likely	0.03437276	0.498962466666667	0.947867333333333	FALSE	FALSE
580	chrXIII	44666	45681			Likely	0.100546228571429	0.735152333333333	0.705375857142857	FALSE	FALSE
341	chrVIII	77690	78890			Dubious	0.50675244	0.40312204	1.03035892	FALSE	FALSE
710	chrXV	371693	372627			Likely	0.18413999	0.6014721	0.82987935	FALSE	FALSE
65	chrII	582650	584350			Likely	0.04699948	0.843366285714286	0.582147445714286	FALSE	FALSE
243	chrV	559886	566886			Likely	0.491910124113475	0.815486977304965	0.603122836879433	FALSE	FALSE
641	chrXIV	95745	96961		proARS1409	Dubious	0.966025226923077	0.696381719230769	0.710442211538462	FALSE	FALSE
535	chrXII	493903	494987			Dubious	0.102671940909091	0.505249909090909	0.889639636363636	FALSE	FALSE
166	chrIV	844597	845593	ARS426.5		Confirmed	0.202261704761905	0.405804095238095	0.973079190476191	FALSE	FALSE
182	chrIV	1130672	1131155	ARS431.7		Confirmed	0.0401759454545455	0.563634454545455	0.813925272727273	FALSE	FALSE
407	chrIX	327348	328548			Dubious	0.27596448	0.9742118	0.40333904	FALSE	FALSE
684	chrXIV	769969	776969			Likely	0.0248477771084337	1.13476308795181	0.242617003614458	FALSE	FALSE
257	chrVI	104456	104695	ARS603.1		Confirmed	1.379818	0.508843	0.8625982	FALSE	FALSE
100	chrIII	137843	138897			Dubious	1.44633427272727	0.7724715	0.588135181818182	FALSE	FALSE
607	chrXIII	480233	483637			Likely	0.246231575362319	0.49115831884058	0.863891826086957	FALSE	FALSE
515	chrXII	170108	171308			Dubious	0.66683136	0.4396798	0.84118232	FALSE	FALSE
60	chrII	497650	499350			Likely	0.14871494	0.569537142857143	0.693477857142857	FALSE	FALSE
478	chrXI	313669	314957		proARS1108	Dubious	1.31125766666667	0.631251011111111	0.631250237037037	FALSE	FALSE
657	chrXIV	357215	357925			Likely	0.111302346666667	0.900767733333333	0.3609032	FALSE	FALSE
576	chrXIII	8791	10699		proARS1302	Likely	0.0270701282051282	1.05074776923077	0.19067158974359	FALSE	FALSE
49	chrII	308406	309606			Dubious	0.12177788	0.263807768	0.96135124	FALSE	FALSE
286	chrVII	266526	267726			Likely	0.067763448	0.54441248	0.67937064	FALSE	FALSE
638	chrXIV	84295	85005			Likely	0.524798	0.526442375	0.678552625	FALSE	FALSE
761	chrXVI	49278	64278			Dubious	1.035505910299	0.579040059136213	0.617722824916944	FALSE	FALSE
673	chrXIV	615807	617621		proARS1425	Likely	1.16920378378378	0.799114648648649	0.394721189189189	FALSE	FALSE
691	chrXV	37750	52750			Dubious	0.686965683388704	0.531279097674419	0.661104741196013	FALSE	FALSE
681	chrXIV	734135	734845			Likely	0.06710874	1.01603966666667	0.174502606666667	FALSE	FALSE
449	chrX	627618	628818			Dubious	0.106064596	0.4574646	0.72458252	FALSE	FALSE
223	chrV	183823	184697			Dubious	0.384647555555556	0.596943444444444	0.571760666666667	FALSE	FALSE
72	chrII	687531	702531			Dubious	0.0744716255813953	0.829333673421927	0.328378262458472	FALSE	FALSE
468	chrXI	145433	145893	ARS1105.5		Confirmed	0.2528855	0.624938	0.5086356	FALSE	FALSE
593	chrXIII	277965	278675			Dubious	1.10320173333333	0.762441266666667	0.360903133333333	FALSE	FALSE
393	chrIX	197187	198387			Dubious	0.74146936	0.3685406	0.75313772	FALSE	FALSE
186	chrIV	1199800	1209800			Likely	0.639328469651741	0.513070543781095	0.59045588159204	FALSE	FALSE
722	chrXV	575463	578947			Likely	0.08908864	0.720566671428571	0.382857685714286	FALSE	FALSE
699	chrXV	159203	160567			Dubious	1.52397607142857	0.681927178571429	0.401554510714286	FALSE	FALSE
455	chrX	713860	723860			Likely	0.0477603164179104	0.852249747761194	0.197410560696517	FALSE	FALSE
499	chrXI	616672	618133		proARS1121	Dubious	0.518046466666667	0.6694001	0.3718096	FALSE	FALSE
138	chrIV	350835	351804	ARS413.5		Confirmed	0.0596262142857143	0.491669857142857	0.545320714285714	FALSE	FALSE
47	chrII	292854	294054			Dubious	0.110974992	0.42979932	0.60679328	FALSE	FALSE
316	chrVII	795134	796306		proARS730	Likely	0.108028756	0.37842104	0.65795424	FALSE	FALSE
613	chrXIII	568128	569097			Likely	0.121532355	0.4260942	0.580023	FALSE	FALSE
57	chrII	440859	441697	ARS215.5		Confirmed	0.0823213411764706	0.369063705882353	0.629889235294118	FALSE	FALSE
577	chrXIII	23852	25691			Dubious	0.678828243243243	0.588821108108108	0.405975945945946	FALSE	FALSE
433	chrX	301433	308433			Likely	0.103954168085106	0.717208134042553	0.273187820567376	FALSE	FALSE
230	chrV	301565	302061	ARS514.5		Confirmed	0.363815545454545	0.296413272727273	0.692241727272727	FALSE	FALSE
611	chrXIII	542380	543477		proARS1321	Dubious	0.714142	0.509057652173913	0.474623130434783	FALSE	FALSE
640	chrXIV	94299	95721		proARS1408	Dubious	0.3560037	0.677634	0.297447666666667	FALSE	FALSE
568	chrXII	1042798	1043952			Likely	0.066781392	0.34482744	0.62701968	FALSE	FALSE
727	chrXV	645796	646996			Likely	0.220967996	0.33099492	0.63415844	FALSE	FALSE
383	chrIX	50806	52259		proARS906	Dubious	0.0245519733333333	0.428152646666667	0.533422933333333	FALSE	FALSE
663	chrXIV	451838	466838			Dubious	0.121046945182724	0.732662967109635	0.221652880730897	FALSE	FALSE
314	chrVII	765451	766651			Dubious	0.63442276	0.30431772	0.64605648	FALSE	FALSE
808	chrXVI	619892	621092			Dubious	0.149276128	0.34581552	0.59965456	FALSE	FALSE
749	chrXV	1019398	1019852			Dubious	0.0848159272727273	0.424409818181818	0.519181545454545	FALSE	FALSE
805	chrXVI	588613	589437			Dubious	0.124204211764706	0.572484647058824	0.335940882352941	FALSE	FALSE
602	chrXIII	416373	418127			Dubious	0.234607908333333	0.573614944444444	0.327192433333333	FALSE	FALSE
738	chrXV	847666	848866			Likely	0.4144372	0.47327332	0.42594516	FALSE	FALSE
508	chrXII	70574	72392		proARS1204	Dubious	0.162574035135135	0.646902324324324	0.245997332432432	FALSE	FALSE
671	chrXIV	586688	587888			Dubious	0.045175632	0.33692312	0.54968332	FALSE	FALSE
695	chrXV	103253	104167			Likely	0.320468	0.275612526315789	0.602722947368421	FALSE	FALSE
529	chrXII	418855	419565			Dubious	1.05900866666667	0.5747124	0.2914986	FALSE	FALSE
769	chrXVI	194903	196097			Likely	0.110483941666667	0.501226708333333	0.349501083333333	FALSE	FALSE
581	chrXIII	49645	50141	ARS1304.5		Confirmed	0.0959759636363636	0.413182181818182	0.429947	FALSE	FALSE
703	chrXV	268585	269295			Dubious	0.777479	0.581299466666667	0.253821933333333	FALSE	FALSE
275	chrVII	68830	70170		proARS703	Dubious	0.171863982142857	0.604295	0.225210378571429	FALSE	FALSE
51	chrII	341918	343118			Dubious	0.069727604	0.2499752	0.57585876	FALSE	FALSE
11	chrI	136900	137900	ARS107.5		Confirmed	0.541312238095238	0.35404919047619	0.470250619047619	FALSE	FALSE
806	chrXVI	599813	601013			Dubious	0.113921244	0.3616242	0.43784304	FALSE	FALSE
76	chrII	724546	739546			Dubious	0.0398867621262458	0.634268795681063	0.142498212292359	FALSE	FALSE
305	chrVII	580930	582707		proARS724	Dubious	0.755802297297297	0.505371432432432	0.270918637837838	FALSE	FALSE
402	chrIX	279618	280818			Likely	0.09624378	0.257879532	0.49733264	FALSE	FALSE
771	chrXVI	214486	216511		proARS1610	Likely	0.132113097619048	0.511665857142857	0.220252902380952	FALSE	FALSE
730	chrXV	669805	670515			Likely	0.07365594	0.288179533333333	0.4362566	FALSE	FALSE
453	chrX	701663	702677			Dubious	0.13211310952381	0.517547195238095	0.184134247619048	FALSE	FALSE
471	chrXI	169021	170221			Dubious	0.161061096	0.195632896	0.48186524	FALSE	FALSE
272	chrVII	22647	29647			Likely	0.0931582375886525	0.461963330496454	0.21475300070922	FALSE	FALSE
445	chrX	501595	502525	ARS1017.5		Confirmed	0.12153236	0.196373905	0.47591635	FALSE	FALSE
17	chrI	202769	209769			Likely	0.10832859389313	0.435003585496183	0.222745155725191	FALSE	FALSE
713	chrXV	444823	446117			Dubious	0.518319222222222	0.370516777777778	0.2842278	FALSE	FALSE
387	chrIX	112737	114306		proARS910	Dubious	0.627191060606061	0.358540424242424	0.294743618181818	FALSE	FALSE
670	chrXIV	573000	581000			Dubious	0.866943839751553	0.326024142236025	0.319802344099379	FALSE	FALSE
601	chrXIII	394800	396000			Dubious	0.126688276	0.172907848	0.46996744	FALSE	FALSE
482	chrXI	343388	345027			Dubious	0.0823213529411765	0.406841894117647	0.211712773529412	FALSE	FALSE
167	chrIV	858640	859840			Likely	0.102136276	0.155123092	0.45925928	FALSE	FALSE
240	chrV	502951	517951			Dubious	0.405964051495017	0.325628012956811	0.281537687043189	FALSE	FALSE
358	chrVIII	286650	287981		proARS814	Likely	0.352496175	0.280533975	0.321880857142857	FALSE	FALSE
606	chrXIII	477105	478800		proARS1317	Dubious	0.124926308823529	0.333464970588235	0.259829326470588	FALSE	FALSE
253	chrVI	51814	55080			Dubious	0.0691919378787879	0.294541945454545	0.296997018181818	FALSE	FALSE
45	chrII	279083	279847			Dubious	0.07058693125	0.285606625	0.29372959375	FALSE	FALSE
58	chrII	477783	479267			Dubious	0.253439929032258	0.314739903225806	0.256188741935484	FALSE	FALSE
256	chrVI	95000	103000			Likely	0.480211944099379	0.217553972049689	0.352688047204969	FALSE	FALSE
111	chrIII	261680	262880			Dubious	0.203290552	0.201561132	0.36645552	FALSE	FALSE
317	chrVII	800891	802091			Likely	0.0657993	0.186740532	0.3783534	FALSE	FALSE
27	chrII	70650	73350			Likely	0.593264654545455	0.351653909090909	0.206590983636364	FALSE	FALSE
431	chrX	268050	269250			Likely	0.033390684	0.30925788	0.24509698	FALSE	FALSE
309	chrVII	626577	627912		proARS725	Dubious	0.189401142857143	0.224956528571429	0.329317035714286	FALSE	FALSE
665	chrXIV	512969	519969			Likely	0.317956726950355	0.234923470921986	0.318965265248227	FALSE	FALSE
129	chrIV	169101	170301			Dubious	0.094279632	0.19563286	0.35455768	FALSE	FALSE
642	chrXIV	111000	121000			Likely	0.0555778577114428	0.257702685572139	0.289456539800995	FALSE	FALSE
200	chrIV	1454012	1455590		proARS442	Likely	0.26853740625	0.296413375	0.2491124375	FALSE	FALSE
108	chrIII	203876	207534	ARS314.5		Confirmed	0.094558327027027	0.300418910810811	0.243987393243243	FALSE	FALSE
434	chrX	324821	326021			Dubious	0.03142652	0.198596952	0.34384944	FALSE	FALSE
391	chrIX	179591	186591			Likely	0.128331987234043	0.381553428368794	0.1533649	FALSE	FALSE
94	chrIII	53807	55007			Dubious	0.1060646	0.268748116	0.261753972	FALSE	FALSE
814	chrXVI	700763	701932			Dubious	0.184139991666667	0.344786375	0.173511233333333	FALSE	FALSE
680	chrXIV	731085	731795			Dubious	0.03273596	0.205842666666667	0.297447666666667	FALSE	FALSE
556	chrXII	848630	863630			Dubious	0.0306695717607973	0.248077997342193	0.244579093687708	FALSE	FALSE
354	chrVIII	218344	219498		proARS812	Likely	0.0480809583333333	0.338610958333333	0.1474845625	FALSE	FALSE
217	chrV	67665	68709			Dubious	0.416267409090909	0.353675154545455	0.129795431818182	FALSE	FALSE
157	chrIV	731940	746940			Dubious	0.0588105664451827	0.281970262126246	0.185386061461794	FALSE	FALSE
772	chrXVI	219587	220666		proARS1611	Dubious	0.0501714130434783	0.231975695652174	0.222439026086957	FALSE	FALSE
424	chrX	134000	144000			Dubious	0.0557000059701492	0.196257167164179	0.255420275621891	FALSE	FALSE
362	chrVIII	363335	370335			Likely	0.0588551021276596	0.305698180141844	0.144926621276596	FALSE	FALSE
776	chrXVI	265603	266679		proARS1613	Dubious	0.204228	0.166171286363636	0.277167227272727	FALSE	FALSE
825	chrXVI	902206	917206			Dubious	0.0383369687707641	0.191125897674419	0.247148433887043	FALSE	FALSE
439	chrX	405545	406255			Dubious	0.394365875	0.2871504	0.1505828375	FALSE	FALSE
350	chrVIII	192459	193659			Likely	0.044193552	0.18970458	0.245096932	FALSE	FALSE
139	chrIV	357806	359006			Dubious	0.079548428	0.14030242	0.2891192	FALSE	FALSE
192	chrIV	1307650	1308850			Likely	0.118831652	0.2727004	0.155862516	FALSE	FALSE
483	chrXI	381210	382623		proARS1111	Dubious	0.104134293103448	0.238493496551724	0.178468548275862	FALSE	FALSE
52	chrII	358898	373898			Dubious	0.102449443521595	0.216483623255814	0.197046725581395	FALSE	FALSE
61	chrII	503701	505102		proARS217	Likely	0.0634965068965517	0.143096217241379	0.268728527586207	FALSE	FALSE
465	chrXI	88291	89789		proARS1104	Dubious	0.0372239548387097	0.219122874193548	0.189982777419355	FALSE	FALSE
676	chrXIV	675502	676702			Dubious	0.33587104	0.149194832	0.256994812	FALSE	FALSE
64	chrII	543600	553600			Likely	0.0334688641791045	0.188515009452736	0.202293997512438	FALSE	FALSE
175	chrIV	970250	980250			Likely	0.096009268159204	0.151647693034826	0.228931146766169	FALSE	FALSE
202	chrIV	1468121	1469948		proARS444	Dubious	0.287324618918919	0.207622859459459	0.172841259459459	FALSE	FALSE
527	chrXII	384035	385226		proARS1214	Dubious	0.37122588	0.252939364	0.124928	FALSE	FALSE
287	chrVII	268879	270680		proARS713	Likely	0.0564031837837838	0.218972056756757	0.1583708	FALSE	FALSE
645	chrXIV	151280	166280			Dubious	0.0458412275747508	0.217878672757475	0.155641226245847	FALSE	FALSE
101	chrIII	138948	153948			Dubious	0.227814878884462	0.185307623505976	0.188186057768924	FALSE	FALSE
678	chrXIV	703843	705667			Dubious	0.0432890131578947	0.223610142105263	0.146375623684211	FALSE	FALSE
647	chrXIV	172784	187784			Dubious	0.0399683315614618	0.228218711960133	0.137656025249169	FALSE	FALSE
523	chrXII	295693	296893			Dubious	0.160079012	0.176860048	0.186797216	FALSE	FALSE
31	chrII	99765	100829		proARS205	Dubious	0.136151963636364	0.131365131818182	0.217677681818182	FALSE	FALSE
140	chrIV	384232	385432			Dubious	0.0859319681818182	0.187504045454545	0.158188086363636	FALSE	FALSE
174	chrIV	954024	955224			Dubious	0.0657993	0.10967304	0.234388792	FALSE	FALSE
356	chrVIII	253470	268470			Dubious	0.0424969368770764	0.184807054152824	0.157123531229236	FALSE	FALSE
796	chrXVI	481995	496995			Dubious	0.0651160959866221	0.148950264548495	0.187919317056856	FALSE	FALSE
21	chrI	229635	230208			Likely	0	0.197609	0.1288941	FALSE	FALSE
495	chrXI	560925	561635			Dubious	0.0441935733333333	0.100451273333333	0.222094266666667	FALSE	FALSE
614	chrXIII	569500	577500			Likely	0.0486464621118012	0.152502557763975	0.165166630434783	FALSE	FALSE
619	chrXIII	723574	730574			Likely	0.0358702624113475	0.136994941843972	0.17403855035461	FALSE	FALSE
313	chrVII	735570	750570			Dubious	0.135402906312292	0.135815191362126	0.167697294019934	FALSE	FALSE
320	chrVII	855121	870121			Dubious	0.066945038	0.133797789666667	0.168553708	FALSE	FALSE
582	chrXIII	50257	65257			Dubious	0.0360530637873754	0.150340382059801	0.150897882392027	FALSE	FALSE
734	chrXV	733221	740221			Likely	0.0348254929078014	0.214777116312057	0.0862809312056738	FALSE	FALSE
585	chrXIII	111844	113013		proARS1306	Dubious	0.045175636	0.161051388	0.138015748	FALSE	FALSE
810	chrXVI	649000	657000			Dubious	0.0428515838509317	0.167384637888199	0.130248842236025	FALSE	FALSE
426	chrX	167433	174433			Likely	0.0889791780141844	0.140148282978723	0.148723857446809	FALSE	FALSE
555	chrXII	838103	839237			Dubious	0.0811282782608696	0.115987995652174	0.170709165217391	FALSE	FALSE
777	chrXVI	273918	274962			Likely	0.0546839454545455	0.162802877272727	0.120331177272727	FALSE	FALSE
183	chrIV	1132291	1139291			Dubious	0.0355220092198582	0.144878219148936	0.137754107801418	FALSE	FALSE
423	chrX	120693	121777			Dubious	0.0491039347826087	0.152502656521739	0.12932507826087	FALSE	FALSE
360	chrVIII	344375	345085			Likely	0.0310991533333333	0.13832628	0.142774953333333	FALSE	FALSE
329	chrVII	1033147	1040147			Dubious	0.0294275397163121	0.111768207801418	0.168342731914894	FALSE	FALSE
296	chrVII	456272	457472			Dubious	0.102136272	0.087935972	0.191556304	FALSE	FALSE
702	chrXV	237752	252752			Dubious	0.0586474265780731	0.125228996677741	0.150897877076412	FALSE	FALSE
264	chrVI	228091	243091			Dubious	0.0422522295681063	0.11546342358804	0.156036522259136	FALSE	FALSE
521	chrXII	278304	285304			Dubious	0.0421388496453901	0.175885993617021	0.0902890964539007	FALSE	FALSE
164	chrIV	812961	827961			Dubious	0.0544058820598007	0.125967545847176	0.139138348504983	FALSE	FALSE
516	chrXII	179332	194332			Dubious	0.0661516887043189	0.10635438538206	0.154949505647841	FALSE	FALSE
726	chrXV	631059	632259			Dubious	0.065799292	0.13437428	0.116599516	FALSE	FALSE
48	chrII	296000	306000			Dubious	0.0706022154228856	0.112568337810945	0.134221432835821	FALSE	FALSE
795	chrXVI	473000	481000			Dubious	0.0365992142857143	0.117828992546584	0.122304598136646	FALSE	FALSE
292	chrVII	330395	345395			Dubious	0.0421706667774086	0.112427043853821	0.124809435548173	FALSE	FALSE
553	chrXII	806063	806787			Dubious	0.0474671333333333	0.0889240333333333	0.144757953333333	FALSE	FALSE
150	chrIV	603407	618407			Dubious	0.0475541478405316	0.0992148611295681	0.127082314950166	FALSE	FALSE
807	chrXVI	608474	609674			Dubious	0.036336916	0.09188814	0.129687212	FALSE	FALSE
546	chrXII	720284	721918		proARS1221	Dubious	0.0787107617647059	0.108249070588235	0.104981582352941	FALSE	FALSE
165	chrIV	832409	834359		proARS426	Dubious	0.046034955	0.0876890575	0.1234408275	FALSE	FALSE
784	chrXVI	355133	362133			Dubious	0.0376115255319149	0.0895196985815603	0.120455769503546	FALSE	FALSE
557	chrXII	865637	880637			Dubious	0.0483673883333333	0.091147157	0.117293554	FALSE	FALSE
32	chrII	121302	136302			Dubious	0.0349111089700997	0.0975735684385382	0.108701824252492	FALSE	FALSE
161	chrIV	774291	781291			Dubious	0.0322135758865248	0.0853152496453901	0.120033880851064	FALSE	FALSE
154	chrIV	689045	689755			Dubious	0.0445004375	0.126593325	0.0780799875	FALSE	FALSE
524	chrXII	312000	320000			Dubious	0.030346848447205	0.0903662602484472	0.111219564596273	FALSE	FALSE
530	chrXII	426942	441942			Dubious	0.0478804318936877	0.088628607641196	0.10988764717608	FALSE	FALSE
765	chrXVI	141595	142305			Dubious	0.029155475	0.07564723125	0.1189790125	FALSE	FALSE
623	chrXIII	778857	793857			Dubious	0.0325456358803987	0.0836227584717608	0.110974688704319	FALSE	FALSE
203	chrIV	1469966	1471048		proARS445	Dubious	0.128339954545455	0.113400681818182	0.0770660227272727	FALSE	FALSE
542	chrXII	637013	639757			Dubious	0.0596262196428571	0.0882183	0.101450892857143	FALSE	FALSE
596	chrXIII	305792	320792			Dubious	0.0395286773333333	0.0750914163333333	0.108965024	FALSE	FALSE
559	chrXII	919299	921493		proARS1228	Dubious	0.0512863533333333	0.108136066666667	0.0746924044444444	FALSE	FALSE
661	chrXIV	430969	437969			Dubious	0.0358702524822695	0.0697237439716312	0.110540853191489	FALSE	FALSE
419	chrX	44433	51433			Dubious	0.0316912007092199	0.0851400787234043	0.0938753517730496	FALSE	FALSE
608	chrXIII	489950	491960		proARS1318	Dubious	0.0526113880952381	0.0841014595238095	0.0920671595238095	FALSE	FALSE
28	chrII	80201	81401			Dubious	0.059906832	0.077067488	0.095183308	FALSE	FALSE
160	chrIV	763412	764716		proARS424	Dubious	0.0500132814814815	0.0933153851851852	0.0771160592592593	FALSE	FALSE
162	chrIV	783453	798453			Dubious	0.0343401328903655	0.0666355966777409	0.0929894700996678	FALSE	FALSE
198	chrIV	1428935	1429645			Dubious	0.0114576	0.0642229066666667	0.0951833066666667	FALSE	FALSE
9	chrI	98769	105769			Likely	0.032443675	0.0575183185714286	0.101344692857143	FALSE	FALSE
238	chrV	477886	484886			Dubious	0.0327944235714286	0.0719861392857143	0.084135235	FALSE	FALSE
675	chrXIV	648876	663876			Dubious	0.0292829142857143	0.0544901727574751	0.0862697205980066	FALSE	FALSE
550	chrXII	768982	771133		proARS1225	Dubious	0.0306899681818182	0.0583844477272727	0.0763899727272727	FALSE	FALSE
470	chrXI	163723	164287			Dubious	0.110483941666667	0.0720449583333333	0.0619682666666667	FALSE	FALSE
343	chrVIII	94759	95192	ARS805.5		Confirmed	0.04296595	0.0494022	0.0817982	FALSE	FALSE
644	chrXIV	136575	137285			Likely	0.02946238	0.04775546	0.0832854066666667	FALSE	FALSE
234	chrV	418015	418725			Dubious	0.0130943866666667	0.0642228933333333	0.0634554866666667	FALSE	FALSE
